-- phpMyAdmin SQL Dump
-- version 4.0.10.6
-- http://www.phpmyadmin.net
--
-- Хост: 127.0.0.1:3306
-- Время создания: Май 20 2015 г., 23:40
-- Версия сервера: 5.5.41-log
-- Версия PHP: 5.6.3

SET SQL_MODE = "NO_AUTO_VALUE_ON_ZERO";
SET time_zone = "+00:00";


/*!40101 SET @OLD_CHARACTER_SET_CLIENT=@@CHARACTER_SET_CLIENT */;
/*!40101 SET @OLD_CHARACTER_SET_RESULTS=@@CHARACTER_SET_RESULTS */;
/*!40101 SET @OLD_COLLATION_CONNECTION=@@COLLATION_CONNECTION */;
/*!40101 SET NAMES utf8 */;

--
-- База данных: `motors`
--

-- --------------------------------------------------------

--
-- Структура таблицы `engine`
--

CREATE TABLE IF NOT EXISTS `engine` (
  `id` int(10) unsigned NOT NULL AUTO_INCREMENT,
  `model_id` int(10) unsigned NOT NULL,
  `name` varchar(255) NOT NULL,
  `horsepower` int(4) NOT NULL,
  PRIMARY KEY (`id`)
) ENGINE=InnoDB  DEFAULT CHARSET=utf8 AUTO_INCREMENT=431 ;

--
-- Дамп данных таблицы `engine`
--

INSERT INTO `engine` (`id`, `model_id`, `name`, `horsepower`) VALUES
(1, 1, '5.3i', 294),
(2, 1, '5.3i', 320),
(3, 1, '8.1i', 329),
(4, 2, '1.2i', 72),
(5, 2, '1.2i', 84),
(6, 2, '1.4i', 101),
(7, 2, '1.4i', 83),
(8, 2, '1.4i', 94),
(9, 2, '1.6i', 106),
(10, 2, 'II 1.6i', 115),
(11, 2, '(T300) 1.3', 75),
(12, 2, '(T300) 1.3', 95),
(13, 3, '4.3i V6', 193),
(14, 4, '3.6i', 323),
(15, 4, '3.6i', 328),
(16, 4, '3.8i V6', 193),
(17, 4, '5.7i V8', 279),
(18, 4, '5.7i V8 SS', 329),
(19, 4, '5.7i V8 Z28', 288),
(20, 4, '5.7i V8 Z28', 310),
(21, 4, '5.7i V8 Z28', 314),
(22, 4, 'V 3.6i V6', 312),
(23, 4, 'V 6.2i V8', 426),
(24, 4, 'V 6.2i V8', 400),
(25, 5, '2.4i', 167),
(26, 5, '2.4i 16V', 136),
(27, 5, '3.0i', 249),
(28, 5, '3.0i', 258),
(29, 5, '3.2i V6', 230),
(30, 5, '2.0 VCDI', 163),
(31, 5, '2.0 VCDI', 150),
(32, 5, '2.0 VCDI', 126),
(33, 5, '2.2 D', 163),
(34, 5, '2.2 D', 184),
(35, 6, '2.2i', 117),
(36, 6, '2.2i', 122),
(37, 6, '2.2i 16V EcoTec', 141),
(38, 6, '2.4i 16V', 152),
(39, 7, '2.0i 16V SS', 205),
(40, 7, '2.2i 16V SS', 147),
(41, 7, '2.4i 16V SS', 174),
(42, 7, 'I 2.2i', 147),
(43, 7, 'II 1.5i', 105),
(44, 8, '2.8i', 175),
(45, 8, '2.9i', 185),
(46, 8, '3.5i', 220),
(47, 8, '3.7i', 242),
(48, 8, '5.3i V8', 300),
(49, 9, '5.7i V8 16V', 345),
(50, 9, '5.7i V8 16V', 349),
(51, 9, '5.7i V8 16V', 355),
(52, 9, '5.7i V8 16V Z06', 411),
(53, 9, '5.7i V8 16V Z06', 390),
(54, 9, '6.0i V8', 405),
(55, 9, '6.2i V8 32V', 437),
(56, 9, '7.0i V8', 513),
(57, 9, 'ZR1 6.2i V8 32V', 620),
(58, 10, '1.6i', 109),
(59, 10, '1.6i', 113),
(60, 10, '1.6i', 124),
(61, 10, '1.8i', 141),
(62, 10, '1.7 D', 131),
(63, 10, '2.0 TD (US spec)', 151),
(64, 10, '2.0 VCDI', 125),
(65, 10, '2.0 VCDI', 150),
(66, 10, '2.0 VDCI', 163),
(67, 11, '2.0i 24V', 143),
(68, 11, '2.5i 24V', 154),
(69, 11, '(V250) 2.0 VCDI', 150),
(70, 12, '2.4i', 182),
(71, 12, '3.0i V6', 264),
(72, 12, '3.4i V6', 185),
(73, 13, '2.0i', 131),
(74, 14, 'II 4.3i', 200),
(75, 14, 'II 5.3i', 294),
(76, 14, 'II 6.0i', 324),
(77, 14, '6.6 LMM', 258),
(78, 15, '2.2i 16V', 141),
(79, 15, '2.4i 16V', 175),
(80, 16, '3.4i V6', 182),
(81, 16, '3.5i V6', 212),
(82, 16, '3.8i V6', 203),
(83, 16, '3.8i V6 SS', 243),
(84, 16, '3.9i V6', 245),
(85, 16, '5.3i V8 SS', 307),
(86, 17, '1.4i 16V', 94),
(87, 17, '1.6i 16V', 109),
(88, 17, '1.8i 16V', 122),
(89, 17, '2.0 CDTI', 121),
(90, 18, '1.5i', 86),
(91, 19, '3.1i V6', 162),
(92, 19, '3.4i V6', 213),
(93, 20, '2.2i 16V', 147),
(94, 20, '2.4i', 169),
(95, 20, '2.4i 16V', 152),
(96, 20, '3.1i V6', 152),
(97, 20, '3.1i V6', 173),
(98, 20, '3.5i V6 12V', 203),
(99, 20, '3.6i V6', 256),
(100, 20, '3.9i V6 SS', 243),
(101, 20, '2.0 D', 160),
(102, 21, '1.4i 16V', 94),
(103, 21, '1.6i 16V', 109),
(104, 21, '1.8i 16V', 122),
(105, 21, '2.0 CDTI', 121),
(106, 22, '2.0i', 126),
(107, 22, '2.0 CDTI', 121),
(108, 23, '1.8i', 141),
(109, 23, '2.0 VCDI', 131),
(110, 23, '2.0 VDCI', 163),
(111, 24, '/Matiz III 1.0i', 67),
(112, 25, '5.3i V8', 300),
(113, 25, '6.0i V8', 390),
(114, 26, '5.3i V8', 288),
(115, 26, '5.3i V8', 300),
(116, 26, '5.3i V8', 324),
(117, 26, '5.7i V8', 200),
(118, 26, '5.7i V8', 210),
(119, 26, '5.7i V8', 250),
(120, 26, '6.0i V8', 359),
(121, 26, '6.0i V8', 340),
(122, 26, '6.0i V8', 324),
(123, 26, '6.0i V8', 304),
(124, 26, '7.4i V8', 230),
(125, 26, '7.4i V8', 290),
(126, 26, '8.1i V8', 329),
(127, 26, '8.1i V8', 344),
(128, 27, '4.8i V8', 278),
(129, 27, '4.8i V8', 290),
(130, 27, '5.3i V8', 273),
(131, 27, '5.3i V8', 288),
(132, 27, '5.3i V8', 300),
(133, 27, '5.3i V8', 324),
(134, 27, '5.7i V8', 258),
(135, 27, '5.7i V8', 254),
(136, 27, '5.7i V8', 200),
(137, 27, '6.0i V8', 305),
(138, 28, '4.2i', 273),
(139, 28, '4.2i', 279),
(140, 28, '4.2i', 295),
(141, 28, '5.3i V8', 288),
(142, 28, '5.3i V8', 294),
(143, 28, '5.3i V8', 304),
(144, 28, '6.0i V8', 400),
(145, 28, 'II 3.6i', 239),
(146, 28, '2.9 LTZ', 179),
(147, 29, '(I) 2.8 TD', 141),
(148, 29, '(II) 2.8 CDTI', 179),
(149, 30, 'HD 6.6 LBZ (2006-2007)', 367),
(150, 30, 'HD 6.6 LML (starting 2011)', 402),
(151, 30, 'HD 6.6 LMM (05.2007-2011)', 370),
(152, 31, '1.7 CDTI', 131),
(153, 31, '1.4T MT', 140),
(154, 32, 'I 1.6i MT', 100),
(155, 32, 'I 1.8i MT', 125),
(156, 32, 'I 2.0i AT', 145),
(157, 32, 'II 1.6i', 125),
(158, 32, 'Focus  I 1.6i 16V', 103),
(159, 32, 'Focus  I 1.6i 16V Ti-VCT', 115),
(160, 32, 'Focus  I 1.8i 16V', 125),
(161, 32, 'Focus  I 2.0i 16V', 145),
(162, 32, '(I) 1.6 TDCI', 109),
(163, 32, '(I) 1.6 TDCI', 90),
(164, 32, '(I) 1.8 TDCI', 116),
(165, 32, '(I) 2.0 TDCI', 145),
(166, 32, '(I) 2.0 TDCI', 136),
(167, 32, '(I) 2.0 TDCI', 116),
(168, 32, '(II) 1.6 TDCi', 116),
(169, 32, '(II) 1.6 TDCi', 95),
(170, 32, '(II) 2.0 TDCi', 116),
(171, 32, '(II) 2.0 TDCi', 140),
(172, 32, '(II) 2.0 TDCi', 163),
(173, 32, '(I) 1.6 EcoBoost', 182),
(174, 32, '(II) 1.0 EcoBoost', 101),
(175, 32, '(II) 1.0 EcoBoost', 125),
(176, 32, '(II) 1.6 EcoBoost', 182),
(177, 32, '(II) 1.6 EcoBoost', 150),
(178, 33, '2.0i', 131),
(179, 33, '2.5i', 170),
(180, 33, '2.5i', 205),
(181, 34, '3.5i', 288),
(182, 34, '2.0 EcoBoost', 239),
(183, 35, 'I 3.0i', 203),
(184, 35, 'II 2.3i', 145),
(185, 35, 'II 2.5i', 171),
(186, 35, 'II 3.0i', 240),
(187, 35, 'III 2.5i', 168),
(188, 36, 'II 5.4i', 269),
(189, 37, 'IV 4.0i V6', 212),
(190, 37, 'IV 4.6i V8', 295),
(191, 37, 'Sport 3.5i', 365),
(192, 37, 'V 3.5i V6', 249),
(193, 37, 'V 3.5i V6', 294),
(194, 38, '5.4i', 310),
(195, 39, '5.4i', 300),
(196, 40, 'II 1.25i 16V', 75),
(197, 40, 'II 1.3i', 50),
(198, 40, 'II 1.3i', 60),
(199, 40, 'II 1.4i 16V', 90),
(200, 40, 'II 1.6i 16V Sport', 103),
(201, 40, 'III 1.2i 16V', 75),
(202, 40, 'III 1.3i', 68),
(203, 40, 'III 1.3i', 58),
(204, 40, 'III 1.4i 16V', 80),
(205, 40, 'III 1.6i 16V', 100),
(206, 40, 'III 2.0i 16V ST', 150),
(207, 40, 'IV 1.25i', 60),
(208, 40, 'IV 1.25i', 82),
(209, 40, 'IV 1.4i', 71),
(210, 40, 'IV 1.4i', 96),
(211, 40, 'IV 1.6i Ti-VCT', 120),
(212, 40, 'VI (JH1) 1.4 TDCI', 68),
(213, 40, 'VI (JH1) 1.6 TDCI', 90),
(214, 40, 'VII (JA8) 1.4 TDCi', 69),
(215, 40, 'VII (JA8) 1.6 TDCi', 75),
(216, 40, 'VII (JA8) 1.6 TDCi', 90),
(217, 40, 'VII (JA8) 1.6 TDCi', 95),
(218, 40, 'VII (JA8) 1.0 EcoBoost', 101),
(219, 40, 'VII (JA8) 1.0 EcoBoost', 125),
(220, 40, 'VII (JA8) ST 1.6 EcoBoost', 182),
(221, 41, 'I 1.4i 16V', 75),
(222, 41, 'I 1.6i 16V', 100),
(223, 41, 'I 1.6i Duratec 8V', 98),
(224, 41, 'I 1.8i 16V', 115),
(225, 41, 'I 2.0i 16V', 131),
(226, 41, 'I 2.0i 16V RS', 215),
(227, 41, 'I 2.0i 16V ST170', 172),
(228, 41, 'II 1.4i Duratec 16V', 80),
(229, 41, 'II 1.6i Duratec 16V', 100),
(230, 41, 'II 1.6i Duratec Ti-VCR 16V', 115),
(231, 41, 'II 1.8i 16V', 125),
(232, 41, 'II 2.0i 16V', 145),
(233, 41, 'II 2.0i Duratec 16V', 145),
(234, 41, 'III 1.6i', 125),
(235, 41, 'III 1.6i', 105),
(236, 41, 'III 2.0i', 150),
(237, 41, 'USA 2.0i 16V SVT', 172),
(238, 41, 'USA 2.0i 16V ZX3', 131),
(239, 41, 'USA 2.0i LX', 111),
(240, 41, 'USA 2.3i 16V ST', 153),
(241, 41, 'USA 2.3i 16V ZXW', 147),
(242, 41, 'I (DAW) 1.8 TDCI', 101),
(243, 41, 'I (DAW) 1.8 TDCI', 116),
(244, 41, 'II (DA3) 1.4 TDCi', 68),
(245, 41, 'II (DA3) 1.6 TDCi', 90),
(246, 41, 'II (DA3) 1.6 TDCi', 109),
(247, 41, 'II (DA3) 1.6 TDCi', 101),
(248, 41, 'II (DA3) 1.8 TDCi', 116),
(249, 41, 'II (DA3) 2.0 TDCi', 110),
(250, 41, 'II (DA3) 2.0 TDCi', 136),
(251, 41, 'III (DYB) 1.6 TDCi', 116),
(252, 41, 'III (DYB) 1.6 TDCi', 95),
(253, 41, 'III (DYB) 1.6 TDCi ECOnetic', 105),
(254, 41, 'III (DYB) 2.0 TDCi', 163),
(255, 41, 'III (DYB) 2.0 TDCi', 140),
(256, 41, 'II (DA3) RS Duratec 2.5', 305),
(257, 41, 'II (DA3) ST Duratec 2.5', 226),
(258, 41, 'III (DYB) 1.0 EcoBoost', 101),
(259, 41, 'III (DYB) 1.0 EcoBoost', 125),
(260, 41, 'III (DYB) 1.6 EcoBoost', 150),
(261, 41, 'III (DYB) 1.6 EcoBoost', 182),
(262, 41, 'III (DYB) ST 2.0 EcoBoost', 250),
(263, 42, '1.2i 16V', 75),
(264, 42, '1.4i Duratec 16V', 80),
(265, 42, '1.6i Duratec 16V', 100),
(266, 42, 'USA 2.3i 16V', 162),
(267, 42, 'USA 3.0i V6 24V', 212),
(268, 42, '(Europe) 1.4 TDCi', 68),
(269, 42, '(Europe) 1.6 TDCi', 90),
(270, 42, '(Europe) 1.6 EcoBoost', 182),
(271, 42, '(Europe) 2.0 EcoBoost', 239),
(272, 43, 'II 2.0i', 145),
(273, 43, 'II 2.3i', 161),
(274, 43, 'II (WA6) 1.6 TDCi', 116),
(275, 43, 'II (WA6) 1.8 TDCi', 101),
(276, 43, 'II (WA6) 1.8 TDCi', 125),
(277, 43, 'II (WA6) 2.0 TDCi', 163),
(278, 43, 'II (WA6) 2.0 TDCi', 140),
(279, 43, 'II (WA6) 2.0 TDCi', 131),
(280, 43, 'II (WA6) 2.0 TDCi', 116),
(281, 43, 'II (WA6) 2.2 TDCi', 175),
(282, 43, 'II (WA6) 2.2 TDCi', 200),
(283, 43, 'II (WA6) 1.6 EcoBoost', 160),
(284, 43, 'II (WA6) 2.0 EcoBoost', 203),
(285, 44, 'II 2.5i', 150),
(286, 44, '(I) 2.0 TDCi', 136),
(287, 44, '(I) 2.0 TDCi', 140),
(288, 44, '(I) 2.0 TDCi', 163),
(289, 44, '(II) 2.0 TDCI', 140),
(290, 44, '(II) 2.0 TDCI', 163),
(291, 44, '(I) Duratec 2.5', 200),
(292, 44, '(II) 1.6 Ecoboost 2x4', 150),
(293, 44, '(II) 1.6 Ecoboost 4x4', 182),
(294, 45, '2.0i 16V', 124),
(295, 45, '2.3i 16V AWD', 150),
(296, 45, '2.4 i GLS', 118),
(297, 45, '2.4i 12V', 124),
(298, 45, '3.0i 4WD', 203),
(299, 45, '3.0i V6 24V AWD', 197),
(300, 46, '1.6i', 120),
(301, 46, 'I 1.6i 16V', 90),
(302, 46, 'I 1.6i 16V', 88),
(303, 46, 'I 1.8i 16V', 112),
(304, 46, 'I 2.0i 16V', 136),
(305, 46, 'I 2.5i 24V', 170),
(306, 46, 'II 1.6i 16V', 95),
(307, 46, 'II 1.8i 16V', 115),
(308, 46, 'II 2.0i', 130),
(309, 46, 'II 2.5i V6', 170),
(310, 46, 'III 1.8i', 110),
(311, 46, 'III 1.8i', 125),
(312, 46, 'III 1.8SCi', 130),
(313, 46, 'III 2.0i', 146),
(314, 46, 'III 2.5i', 170),
(315, 46, 'III 3.0i V6', 204),
(316, 46, 'III 3.0i V6', 226),
(317, 46, 'IV 1.6i 16V', 110),
(318, 46, 'IV 1.6i 16V', 125),
(319, 46, 'IV 2.0i 16V', 145),
(320, 46, 'IV 2.3i 16V', 160),
(321, 46, 'IV 2.5i 20V', 220),
(322, 46, 'III (B4Y) 2.0 TDCi', 116),
(323, 46, 'III (B4Y) 2.0 TDCi', 131),
(324, 46, 'III (B4Y) 2.2 TDCi', 155),
(325, 46, 'IV (BA7) 1.8 TDCi', 101),
(326, 46, 'IV (BA7) 1.8 TDCi', 125),
(327, 46, 'IV (BA7) 2.0 TDCi', 116),
(328, 46, 'IV (BA7) 2.0 TDCi', 131),
(329, 46, 'IV (BA7) 2.0 TDCi', 136),
(330, 46, 'IV (BA7) 2.0 TDCi', 140),
(331, 46, 'IV (BA7) 2.0 TDCi', 163),
(332, 46, 'IV (BA7) 2.2 TDCi', 175),
(333, 46, 'IV (BA7) 2.2 TDCi', 200),
(334, 46, 'V 1.6 TDCi', 116),
(335, 46, 'IV (BA7) 1.6 EcoBoost', 160),
(336, 46, 'IV (BA7) 2.0 EcoBoost', 203),
(337, 46, 'IV (BA7) 2.0 EcoBoost', 239),
(338, 46, 'IV (BA7) Duratec 2.5', 220),
(339, 47, 'IV 3.8i V6', 147),
(340, 47, 'IV 3.8i V6', 190),
(341, 47, 'IV 3.8i V6 GT', 152),
(342, 47, 'IV 4.6i V8 32V Cobra', 324),
(343, 47, 'IV 4.6i V8 32V Cobra R', 395),
(344, 47, 'IV 4.6i V8 GT', 215),
(345, 47, 'IV 4.6i V8 GT', 263),
(346, 47, 'IV 4.6i V8 GT', 288),
(347, 47, 'V 3.7i V6', 305),
(348, 47, 'V 4.0i V6', 205),
(349, 47, 'V 4.0i V6 12V', 212),
(350, 47, 'V 4.6i V8 GT', 304),
(351, 47, 'V 5.0i V8', 412),
(352, 47, 'V 5.0i V8', 444),
(353, 47, 'V 5.4i V8', 550),
(354, 48, '2.0i 16V', 145),
(355, 48, '2.3i', 161),
(356, 48, '1.6 TDCi', 116),
(357, 48, '1.6 TDCi', 95),
(358, 48, '1.8 TDCi', 116),
(359, 48, '1.8 TDCi', 125),
(360, 48, '2.0 TDCi', 110),
(361, 48, '2.0 TDCi', 116),
(362, 48, '2.0 TDCi', 131),
(363, 48, '2.0 TDCi', 140),
(364, 48, '2.0 TDCi', 163),
(365, 48, '2.2 TDCi', 175),
(366, 48, '2.2 TDCi', 200),
(367, 48, '1.6 EcoBoost', 160),
(368, 48, '2.0 EcoBoost', 203),
(369, 48, '2.0 EcoBoost', 239),
(370, 48, 'Duratec 2.5', 220),
(371, 49, '2.0 CDi', 100),
(372, 49, '(V) 1.8 TDCi', 110),
(373, 49, '(V) 1.8 TDCi', 75),
(374, 49, '(V) 2.0 TDCi', 125),
(375, 49, '(V) 2.0 TDCi', 90),
(376, 49, '(VI) 2.2 TDCi', 101),
(377, 49, '(VI) 2.2 TDCi', 110),
(378, 49, '(VI) 2.2 TDCi', 131),
(379, 49, '(VI) 2.2 TDCi', 86),
(380, 49, '(VI) 2.2 TDCi Sport', 140),
(381, 49, '(VI) 2.4 TDCi', 101),
(382, 49, '(VI) 2.4 TDCi', 116),
(383, 49, '(VI) 2.4 TDCi', 137),
(384, 49, '(VI) 2.4 TDCi', 140),
(385, 49, '(VI) 3.2 TDCi', 200),
(386, 49, '(VII) 2.2 TDCi', 101),
(387, 49, '(VII) 2.2 TDCi', 116),
(388, 49, '(VII) 2.2 TDCi', 125),
(389, 49, '(VII) 2.2 TDCi', 140),
(390, 49, '(VII) 2.2 TDCi', 155),
(391, 50, '1.6 Duratorq-TDCi', 95),
(392, 50, '1.0 EcoBoost', 101),
(393, 50, '1.0 EcoBoost', 120),
(394, 51, '2.5 MZR-CD', 143),
(395, 51, '3.0 MZR-CD', 156),
(396, 52, '2.5 MZR-CD', 143),
(397, 52, '3.0 MZR-CD', 156),
(398, 53, 'F-150 (12th gen.) 6.4 (2008-2010)', 355),
(399, 53, 'F-150 (12th gen.) 6.7 (starting 2011)', 405),
(400, 53, 'F-250 Super Duty 6.7 (starting 2011)', 405),
(401, 53, 'F-350 Super Duty 6.7 (starting 2011)', 405),
(402, 53, 'F-450 Super Duty 6.7 (starting 2011)', 405),
(403, 53, 'F-550 Chassis Cab 6.7 (starting 2011)', 405),
(404, 53, 'F-650/750 6.7 (starting 2008)', 364),
(405, 53, 'F-650/750 6.7 (starting 2008)', 344),
(406, 53, 'F-650/750 6.7 (starting 2008)', 329),
(407, 53, 'F-650/750 6.7 (starting 2008)', 303),
(408, 53, 'F-650/750 6.7 (starting 2008)', 283),
(409, 53, 'F-650/750 6.7 (starting 2008)', 262),
(410, 53, 'F-650/750 6.7 (starting 2008)', 253),
(411, 53, 'F-650/750 6.7 (starting 2008)', 242),
(412, 53, 'F-650/750 6.7 (starting 2008)', 223),
(413, 53, 'F-650/750 6.7 (starting 2008)', 193),
(414, 54, '1.4 TDCi', 69),
(415, 55, 'I (RBT) 1.3 CDTi', 75),
(416, 55, 'II (RU8) 1.3 TDCi', 75),
(417, 56, '2.2 TDCi', 125),
(418, 56, '2.2 TDCi', 150),
(419, 56, '2.5 TDCi', 143),
(420, 56, '3.0 TDCi', 156),
(421, 56, '3.0 TDCi', 156),
(422, 56, '3.2 TDCi', 200),
(423, 57, '1.8 TDCi', 90),
(424, 57, '1.8 TDCi', 110),
(425, 57, '2.2 TDCi', 110),
(426, 58, '1.8 TDCi', 110),
(427, 58, '1.8 TDCi', 75),
(428, 58, '1.8 TDCi', 90),
(429, 58, 'II 1.0 EcoBoost', 101),
(430, 58, 'II 1.6 EcoBoost', 150);

-- --------------------------------------------------------

--
-- Структура таблицы `mark`
--

CREATE TABLE IF NOT EXISTS `mark` (
  `id` int(10) unsigned NOT NULL AUTO_INCREMENT,
  `name` varchar(255) NOT NULL,
  `car` varchar(1024) DEFAULT NULL,
  `logo` varchar(1024) DEFAULT NULL,
  PRIMARY KEY (`id`)
) ENGINE=InnoDB  DEFAULT CHARSET=utf8 AUTO_INCREMENT=3 ;

--
-- Дамп данных таблицы `mark`
--

INSERT INTO `mark` (`id`, `name`, `car`, `logo`) VALUES
(1, 'Chevrolet', NULL, NULL),
(2, 'Ford', NULL, NULL);

-- --------------------------------------------------------

--
-- Структура таблицы `model`
--

CREATE TABLE IF NOT EXISTS `model` (
  `id` int(10) unsigned NOT NULL AUTO_INCREMENT,
  `mark_id` int(10) unsigned DEFAULT NULL,
  `name` varchar(255) DEFAULT NULL,
  PRIMARY KEY (`id`)
) ENGINE=InnoDB  DEFAULT CHARSET=utf8 AUTO_INCREMENT=59 ;

--
-- Дамп данных таблицы `model`
--

INSERT INTO `model` (`id`, `mark_id`, `name`) VALUES
(1, 1, 'Avalanche'),
(2, 1, 'Aveo'),
(3, 1, 'Blazer'),
(4, 1, 'Camaro'),
(5, 1, 'Captiva'),
(6, 1, 'Cavalier'),
(7, 1, 'Cobalt'),
(8, 1, 'Colorado'),
(9, 1, 'Corvette'),
(10, 1, 'Cruze'),
(11, 1, 'Epica'),
(12, 1, 'Equinox'),
(13, 1, 'Evanda'),
(14, 1, 'Express'),
(15, 1, 'HHR'),
(16, 1, 'Impala'),
(17, 1, 'Lacetti'),
(18, 1, 'Lanos'),
(19, 1, 'Lumina'),
(20, 1, 'Malibu'),
(21, 1, 'Nubira'),
(22, 1, 'Optra'),
(23, 1, 'Orlando'),
(24, 1, 'Spark'),
(25, 1, 'SSR'),
(26, 1, 'Suburban'),
(27, 1, 'Tahoe'),
(28, 1, 'Trailblazer'),
(29, 1, 'S10'),
(30, 1, 'Silverado'),
(31, 1, 'Trax'),
(32, 2, 'C-Max'),
(33, 2, 'Cougar'),
(34, 2, 'Edge'),
(35, 2, 'Escape'),
(36, 2, 'Expedition'),
(37, 2, 'Explorer'),
(38, 2, 'F-150'),
(39, 2, 'F-250'),
(40, 2, 'Fiesta'),
(41, 2, 'Focus'),
(42, 2, 'Fusion'),
(43, 2, 'Galaxy'),
(44, 2, 'Kuga'),
(45, 2, 'Maverick'),
(46, 2, 'Mondeo'),
(47, 2, 'Mustang'),
(48, 2, 'S-Max'),
(49, 2, 'Transit'),
(50, 2, 'B-Max'),
(51, 2, 'Endeavour'),
(52, 2, 'Everest'),
(53, 2, 'F Series'),
(54, 2, 'Figo'),
(55, 2, 'KA'),
(56, 2, 'Ranger'),
(57, 2, 'Tourneo'),
(58, 2, 'Transit Connect');

-- --------------------------------------------------------

--
-- Структура таблицы `model_names`
--

CREATE TABLE IF NOT EXISTS `model_names` (
  `id` smallint(5) unsigned NOT NULL AUTO_INCREMENT,
  `code` varchar(128) NOT NULL,
  `name` varchar(128) NOT NULL,
  `vin_name` varchar(128) NOT NULL,
  `rod_name` varchar(128) NOT NULL,
  `admin_menu` tinyint(1) NOT NULL DEFAULT '0',
  `sort` smallint(6) DEFAULT '9999',
  PRIMARY KEY (`id`)
) ENGINE=InnoDB  DEFAULT CHARSET=utf8 AUTO_INCREMENT=8 ;

--
-- Дамп данных таблицы `model_names`
--

INSERT INTO `model_names` (`id`, `code`, `name`, `vin_name`, `rod_name`, `admin_menu`, `sort`) VALUES
(1, 'mark', 'Марки', 'Марку', 'Марки', 1, 100),
(6, 'carModel', 'Модели', 'Модель', 'Модели', 0, 200),
(7, 'engine', 'Двигатели', 'Двигатель', 'Двигателя', 0, 300);

-- --------------------------------------------------------

--
-- Структура таблицы `user`
--

CREATE TABLE IF NOT EXISTS `user` (
  `usr_id` int(11) NOT NULL AUTO_INCREMENT,
  `usr_login` varchar(128) NOT NULL,
  `usr_password` varchar(128) NOT NULL,
  `usr_name` varchar(255) NOT NULL,
  `usr_email` varchar(128) NOT NULL,
  `usr_role` varchar(20) NOT NULL,
  `usr_state` int(11) NOT NULL DEFAULT '1',
  PRIMARY KEY (`usr_id`)
) ENGINE=InnoDB  DEFAULT CHARSET=utf8 AUTO_INCREMENT=2 ;

--
-- Дамп данных таблицы `user`
--

INSERT INTO `user` (`usr_id`, `usr_login`, `usr_password`, `usr_name`, `usr_email`, `usr_role`, `usr_state`) VALUES
(1, 'root', 'eaaba36a95aedcfd1c21a0d011e12ecd', 'Иванов И.И.', 'beatbox787@gmail.com', 'root', 1);

/*!40101 SET CHARACTER_SET_CLIENT=@OLD_CHARACTER_SET_CLIENT */;
/*!40101 SET CHARACTER_SET_RESULTS=@OLD_CHARACTER_SET_RESULTS */;
/*!40101 SET COLLATION_CONNECTION=@OLD_COLLATION_CONNECTION */;
