-- phpMyAdmin SQL Dump
-- version 4.0.10.6
-- http://www.phpmyadmin.net
--
-- Хост: 127.0.0.1:3306
-- Время создания: Май 26 2015 г., 16:51
-- Версия сервера: 5.5.41-log
-- Версия PHP: 5.6.3

SET SQL_MODE = "NO_AUTO_VALUE_ON_ZERO";
SET time_zone = "+00:00";


/*!40101 SET @OLD_CHARACTER_SET_CLIENT=@@CHARACTER_SET_CLIENT */;
/*!40101 SET @OLD_CHARACTER_SET_RESULTS=@@CHARACTER_SET_RESULTS */;
/*!40101 SET @OLD_COLLATION_CONNECTION=@@COLLATION_CONNECTION */;
/*!40101 SET NAMES utf8 */;

--
-- База данных: `motors`
--

-- --------------------------------------------------------

--
-- Структура таблицы `engine`
--

CREATE TABLE IF NOT EXISTS `engine` (
  `id` int(10) unsigned NOT NULL AUTO_INCREMENT,
  `model_id` int(10) unsigned NOT NULL,
  `name` varchar(255) NOT NULL,
  `horsepower` int(4) NOT NULL,
  PRIMARY KEY (`id`)
) ENGINE=InnoDB  DEFAULT CHARSET=utf8 AUTO_INCREMENT=2619 ;

--
-- Дамп данных таблицы `engine`
--

INSERT INTO `engine` (`id`, `model_id`, `name`, `horsepower`) VALUES
(1, 1, '1.6i', 120),
(2, 1, '1.8i', 144),
(3, 1, '1.9 16V JTD M-Jet', 140),
(4, 1, '1.9 16V JTD M-Jet', 150),
(5, 1, '1.9 8V JTD', 105),
(6, 1, '1.9 8V JTD', 110),
(7, 1, '1.9 8V JTD', 116),
(8, 1, '2.4 10V JTD', 150),
(9, 1, '2.4 10V JTD', 140),
(10, 1, '2.4 10V JTD', 136),
(11, 1, '2.4 20V JTD', 175),
(12, 2, '2.2i JTS', 185),
(13, 2, '1.9 16V JTD M-Jet', 150),
(14, 2, '1.9 8V JTD', 120),
(15, 2, '2.0 JTDM 16V', 136),
(16, 2, '2.0 JTDM 16V', 170),
(17, 2, '2.4 JTDM 20V', 200),
(18, 2, '2.4 JTDM 20V', 209),
(19, 2, '1.8 TBi 16V', 200),
(20, 3, '1.9 JTD', 105),
(21, 4, '1.9 JTD', 105),
(22, 4, '1.9 JTD', 150),
(23, 5, '1.9 JTD', 101),
(24, 5, '1.9 JTD', 109),
(25, 5, '1.9 JTD', 110),
(26, 5, '1.9 JTD', 116),
(27, 5, '1.9 JTD', 120),
(28, 5, '1.9 JTD', 140),
(29, 5, '1.9 JTD', 150),
(30, 6, '1.9 JTD', 105),
(31, 6, '2.4 JTD', 150),
(32, 7, '1.9 JTD', 150),
(33, 7, '2.4 JTD', 185),
(34, 7, '2.4 JTD', 150),
(35, 7, '2.4 JTD', 140),
(36, 7, '2.4 JTD', 136),
(37, 7, '2.4 JTD', 125),
(38, 7, '2.4 JTD 20V', 175),
(39, 7, '2.4 JTD MultiJet', 179),
(40, 8, '2.0 JTDM 16V', 170),
(41, 8, '2.4 JTDM 20V', 200),
(42, 8, '2.4 JTDM 20V', 209),
(43, 8, '1.8 TBi 16V', 200),
(44, 9, '1.6 JTDM 16V', 105),
(45, 9, '2.0 JTDM 16V', 140),
(46, 9, '2.0 JTDM 16V', 150),
(47, 9, '2.0 JTDM 16V', 170),
(48, 9, '1.4 TB 16V', 105),
(49, 9, '1.4 TB 16V', 120),
(50, 9, '1.4 TB MultiAir', 170),
(51, 9, '1.8 TBi 16V', 235),
(52, 10, '1.9 JTD', 150),
(53, 11, '1.3 JTDM 16V', 95),
(54, 11, '1.3 JTDM 16V', 90),
(55, 11, '1.3 JTDM 16V Eco', 84),
(56, 11, '1.6 JTDM 16V', 120),
(57, 11, '1.4 TB 16V', 120),
(58, 11, '1.4 TB 16V', 155),
(59, 11, '1.4 TB 16V MultiAir', 135),
(60, 11, '1.4 TB MultiAir', 170),
(61, 12, '2.0 JTDM 16V', 170),
(62, 12, '2.4 JTD 20V', 200),
(63, 12, '2.4 JTD 20V', 209),
(64, 12, '1.8 TBi 16V', 200),
(65, 13, '5.3i', 294),
(66, 13, '5.3i', 320),
(67, 13, '8.1i', 329),
(68, 14, '1.2i', 72),
(69, 14, '1.2i', 84),
(70, 14, '1.4i', 101),
(71, 14, '1.4i', 83),
(72, 14, '1.4i', 94),
(73, 14, '1.6i', 106),
(74, 14, 'II 1.6i', 115),
(75, 14, '(T300) 1.3', 75),
(76, 14, '(T300) 1.3', 95),
(77, 15, '4.3i V6', 193),
(78, 16, '3.6i', 323),
(79, 16, '3.6i', 328),
(80, 16, '3.8i V6', 193),
(81, 16, '5.7i V8', 279),
(82, 16, '5.7i V8 SS', 329),
(83, 16, '5.7i V8 Z28', 288),
(84, 16, '5.7i V8 Z28', 310),
(85, 16, '5.7i V8 Z28', 314),
(86, 16, 'V 3.6i V6', 312),
(87, 16, 'V 6.2i V8', 426),
(88, 16, 'V 6.2i V8', 400),
(89, 17, '2.4i', 167),
(90, 17, '2.4i 16V', 136),
(91, 17, '3.0i', 249),
(92, 17, '3.0i', 258),
(93, 17, '3.2i V6', 230),
(94, 17, '2.0 VCDI', 163),
(95, 17, '2.0 VCDI', 150),
(96, 17, '2.0 VCDI', 126),
(97, 17, '2.2 D', 163),
(98, 17, '2.2 D', 184),
(99, 18, '2.2i', 117),
(100, 18, '2.2i', 122),
(101, 18, '2.2i 16V EcoTec', 141),
(102, 18, '2.4i 16V', 152),
(103, 19, '2.0i 16V SS', 205),
(104, 19, '2.2i 16V SS', 147),
(105, 19, '2.4i 16V SS', 174),
(106, 19, 'I 2.2i', 147),
(107, 19, 'II 1.5i', 105),
(108, 20, '2.8i', 175),
(109, 20, '2.9i', 185),
(110, 20, '3.5i', 220),
(111, 20, '3.7i', 242),
(112, 20, '5.3i V8', 300),
(113, 21, '5.7i V8 16V', 345),
(114, 21, '5.7i V8 16V', 349),
(115, 21, '5.7i V8 16V', 355),
(116, 21, '5.7i V8 16V Z06', 411),
(117, 21, '5.7i V8 16V Z06', 390),
(118, 21, '6.0i V8', 405),
(119, 21, '6.2i V8 32V', 437),
(120, 21, '7.0i V8', 513),
(121, 21, 'ZR1 6.2i V8 32V', 620),
(122, 22, '1.6i', 109),
(123, 22, '1.6i', 113),
(124, 22, '1.6i', 124),
(125, 22, '1.8i', 141),
(126, 22, '1.7 D', 131),
(127, 22, '2.0 TD (US spec)', 151),
(128, 22, '2.0 VCDI', 125),
(129, 22, '2.0 VCDI', 150),
(130, 22, '2.0 VDCI', 163),
(131, 23, '2.0i 24V', 143),
(132, 23, '2.5i 24V', 154),
(133, 23, '(V250) 2.0 VCDI', 150),
(134, 24, '2.4i', 182),
(135, 24, '3.0i V6', 264),
(136, 24, '3.4i V6', 185),
(137, 25, '2.0i', 131),
(138, 26, 'II 4.3i', 200),
(139, 26, 'II 5.3i', 294),
(140, 26, 'II 6.0i', 324),
(141, 26, '6.6 LMM', 258),
(142, 27, '2.2i 16V', 141),
(143, 27, '2.4i 16V', 175),
(144, 28, '3.4i V6', 182),
(145, 28, '3.5i V6', 212),
(146, 28, '3.8i V6', 203),
(147, 28, '3.8i V6 SS', 243),
(148, 28, '3.9i V6', 245),
(149, 28, '5.3i V8 SS', 307),
(150, 29, '1.4i 16V', 94),
(151, 29, '1.6i 16V', 109),
(152, 29, '1.8i 16V', 122),
(153, 29, '2.0 CDTI', 121),
(154, 30, '1.5i', 86),
(155, 31, '3.1i V6', 162),
(156, 31, '3.4i V6', 213),
(157, 32, '2.2i 16V', 147),
(158, 32, '2.4i', 169),
(159, 32, '2.4i 16V', 152),
(160, 32, '3.1i V6', 152),
(161, 32, '3.1i V6', 173),
(162, 32, '3.5i V6 12V', 203),
(163, 32, '3.6i V6', 256),
(164, 32, '3.9i V6 SS', 243),
(165, 32, '2.0 D', 160),
(166, 33, '1.4i 16V', 94),
(167, 33, '1.6i 16V', 109),
(168, 33, '1.8i 16V', 122),
(169, 33, '2.0 CDTI', 121),
(170, 34, '2.0i', 126),
(171, 34, '2.0 CDTI', 121),
(172, 35, '1.8i', 141),
(173, 35, '2.0 VCDI', 131),
(174, 35, '2.0 VDCI', 163),
(175, 36, '/Matiz III 1.0i', 67),
(176, 37, '5.3i V8', 300),
(177, 37, '6.0i V8', 390),
(178, 38, '5.3i V8', 288),
(179, 38, '5.3i V8', 300),
(180, 38, '5.3i V8', 324),
(181, 38, '5.7i V8', 200),
(182, 38, '5.7i V8', 210),
(183, 38, '5.7i V8', 250),
(184, 38, '6.0i V8', 359),
(185, 38, '6.0i V8', 340),
(186, 38, '6.0i V8', 324),
(187, 38, '6.0i V8', 304),
(188, 38, '7.4i V8', 230),
(189, 38, '7.4i V8', 290),
(190, 38, '8.1i V8', 329),
(191, 38, '8.1i V8', 344),
(192, 39, '4.8i V8', 278),
(193, 39, '4.8i V8', 290),
(194, 39, '5.3i V8', 273),
(195, 39, '5.3i V8', 288),
(196, 39, '5.3i V8', 300),
(197, 39, '5.3i V8', 324),
(198, 39, '5.7i V8', 258),
(199, 39, '5.7i V8', 254),
(200, 39, '5.7i V8', 200),
(201, 39, '6.0i V8', 305),
(202, 40, '4.2i', 273),
(203, 40, '4.2i', 279),
(204, 40, '4.2i', 295),
(205, 40, '5.3i V8', 288),
(206, 40, '5.3i V8', 294),
(207, 40, '5.3i V8', 304),
(208, 40, '6.0i V8', 400),
(209, 40, 'II 3.6i', 239),
(210, 40, '2.9 LTZ', 179),
(211, 41, '(I) 2.8 TD', 141),
(212, 41, '(II) 2.8 CDTI', 179),
(213, 42, 'HD 6.6 LBZ (2006-2007)', 367),
(214, 42, 'HD 6.6 LML (starting 2011)', 402),
(215, 42, 'HD 6.6 LMM (05.2007-2011)', 370),
(216, 43, '1.7 CDTI', 131),
(217, 43, '1.4T MT', 140),
(218, 44, 'I 1.6i MT', 100),
(219, 44, 'I 1.8i MT', 125),
(220, 44, 'I 2.0i AT', 145),
(221, 44, 'II 1.6i', 125),
(222, 44, 'Focus  I 1.6i 16V', 103),
(223, 44, 'Focus  I 1.6i 16V Ti-VCT', 115),
(224, 44, 'Focus  I 1.8i 16V', 125),
(225, 44, 'Focus  I 2.0i 16V', 145),
(226, 44, '(I) 1.6 TDCI', 109),
(227, 44, '(I) 1.6 TDCI', 90),
(228, 44, '(I) 1.8 TDCI', 116),
(229, 44, '(I) 2.0 TDCI', 145),
(230, 44, '(I) 2.0 TDCI', 136),
(231, 44, '(I) 2.0 TDCI', 116),
(232, 44, '(II) 1.6 TDCi', 116),
(233, 44, '(II) 1.6 TDCi', 95),
(234, 44, '(II) 2.0 TDCi', 116),
(235, 44, '(II) 2.0 TDCi', 140),
(236, 44, '(II) 2.0 TDCi', 163),
(237, 44, '(I) 1.6 EcoBoost', 182),
(238, 44, '(II) 1.0 EcoBoost', 101),
(239, 44, '(II) 1.0 EcoBoost', 125),
(240, 44, '(II) 1.6 EcoBoost', 182),
(241, 44, '(II) 1.6 EcoBoost', 150),
(242, 45, '2.0i', 131),
(243, 45, '2.5i', 170),
(244, 45, '2.5i', 205),
(245, 46, '3.5i', 288),
(246, 46, '2.0 EcoBoost', 239),
(247, 47, 'I 3.0i', 203),
(248, 47, 'II 2.3i', 145),
(249, 47, 'II 2.5i', 171),
(250, 47, 'II 3.0i', 240),
(251, 47, 'III 2.5i', 168),
(252, 48, 'II 5.4i', 269),
(253, 49, 'IV 4.0i V6', 212),
(254, 49, 'IV 4.6i V8', 295),
(255, 49, 'Sport 3.5i', 365),
(256, 49, 'V 3.5i V6', 249),
(257, 49, 'V 3.5i V6', 294),
(258, 50, '5.4i', 310),
(259, 51, '5.4i', 300),
(260, 52, 'II 1.25i 16V', 75),
(261, 52, 'II 1.3i', 50),
(262, 52, 'II 1.3i', 60),
(263, 52, 'II 1.4i 16V', 90),
(264, 52, 'II 1.6i 16V Sport', 103),
(265, 52, 'III 1.2i 16V', 75),
(266, 52, 'III 1.3i', 68),
(267, 52, 'III 1.3i', 58),
(268, 52, 'III 1.4i 16V', 80),
(269, 52, 'III 1.6i 16V', 100),
(270, 52, 'III 2.0i 16V ST', 150),
(271, 52, 'IV 1.25i', 60),
(272, 52, 'IV 1.25i', 82),
(273, 52, 'IV 1.4i', 71),
(274, 52, 'IV 1.4i', 96),
(275, 52, 'IV 1.6i Ti-VCT', 120),
(276, 52, 'VI (JH1) 1.4 TDCI', 68),
(277, 52, 'VI (JH1) 1.6 TDCI', 90),
(278, 52, 'VII (JA8) 1.4 TDCi', 69),
(279, 52, 'VII (JA8) 1.6 TDCi', 75),
(280, 52, 'VII (JA8) 1.6 TDCi', 90),
(281, 52, 'VII (JA8) 1.6 TDCi', 95),
(282, 52, 'VII (JA8) 1.0 EcoBoost', 101),
(283, 52, 'VII (JA8) 1.0 EcoBoost', 125),
(284, 52, 'VII (JA8) ST 1.6 EcoBoost', 182),
(285, 53, 'I 1.4i 16V', 75),
(286, 53, 'I 1.6i 16V', 100),
(287, 53, 'I 1.6i Duratec 8V', 98),
(288, 53, 'I 1.8i 16V', 115),
(289, 53, 'I 2.0i 16V', 131),
(290, 53, 'I 2.0i 16V RS', 215),
(291, 53, 'I 2.0i 16V ST170', 172),
(292, 53, 'II 1.4i Duratec 16V', 80),
(293, 53, 'II 1.6i Duratec 16V', 100),
(294, 53, 'II 1.6i Duratec Ti-VCR 16V', 115),
(295, 53, 'II 1.8i 16V', 125),
(296, 53, 'II 2.0i 16V', 145),
(297, 53, 'II 2.0i Duratec 16V', 145),
(298, 53, 'III 1.6i', 125),
(299, 53, 'III 1.6i', 105),
(300, 53, 'III 2.0i', 150),
(301, 53, 'USA 2.0i 16V SVT', 172),
(302, 53, 'USA 2.0i 16V ZX3', 131),
(303, 53, 'USA 2.0i LX', 111),
(304, 53, 'USA 2.3i 16V ST', 153),
(305, 53, 'USA 2.3i 16V ZXW', 147),
(306, 53, 'I (DAW) 1.8 TDCI', 101),
(307, 53, 'I (DAW) 1.8 TDCI', 116),
(308, 53, 'II (DA3) 1.4 TDCi', 68),
(309, 53, 'II (DA3) 1.6 TDCi', 90),
(310, 53, 'II (DA3) 1.6 TDCi', 109),
(311, 53, 'II (DA3) 1.6 TDCi', 101),
(312, 53, 'II (DA3) 1.8 TDCi', 116),
(313, 53, 'II (DA3) 2.0 TDCi', 110),
(314, 53, 'II (DA3) 2.0 TDCi', 136),
(315, 53, 'III (DYB) 1.6 TDCi', 116),
(316, 53, 'III (DYB) 1.6 TDCi', 95),
(317, 53, 'III (DYB) 1.6 TDCi ECOnetic', 105),
(318, 53, 'III (DYB) 2.0 TDCi', 163),
(319, 53, 'III (DYB) 2.0 TDCi', 140),
(320, 53, 'II (DA3) RS Duratec 2.5', 305),
(321, 53, 'II (DA3) ST Duratec 2.5', 226),
(322, 53, 'III (DYB) 1.0 EcoBoost', 101),
(323, 53, 'III (DYB) 1.0 EcoBoost', 125),
(324, 53, 'III (DYB) 1.6 EcoBoost', 150),
(325, 53, 'III (DYB) 1.6 EcoBoost', 182),
(326, 53, 'III (DYB) ST 2.0 EcoBoost', 250),
(327, 54, '1.2i 16V', 75),
(328, 54, '1.4i Duratec 16V', 80),
(329, 54, '1.6i Duratec 16V', 100),
(330, 54, 'USA 2.3i 16V', 162),
(331, 54, 'USA 3.0i V6 24V', 212),
(332, 54, '(Europe) 1.4 TDCi', 68),
(333, 54, '(Europe) 1.6 TDCi', 90),
(334, 54, '(Europe) 1.6 EcoBoost', 182),
(335, 54, '(Europe) 2.0 EcoBoost', 239),
(336, 55, 'II 2.0i', 145),
(337, 55, 'II 2.3i', 161),
(338, 55, 'II (WA6) 1.6 TDCi', 116),
(339, 55, 'II (WA6) 1.8 TDCi', 101),
(340, 55, 'II (WA6) 1.8 TDCi', 125),
(341, 55, 'II (WA6) 2.0 TDCi', 163),
(342, 55, 'II (WA6) 2.0 TDCi', 140),
(343, 55, 'II (WA6) 2.0 TDCi', 131),
(344, 55, 'II (WA6) 2.0 TDCi', 116),
(345, 55, 'II (WA6) 2.2 TDCi', 175),
(346, 55, 'II (WA6) 2.2 TDCi', 200),
(347, 55, 'II (WA6) 1.6 EcoBoost', 160),
(348, 55, 'II (WA6) 2.0 EcoBoost', 203),
(349, 56, 'II 2.5i', 150),
(350, 56, '(I) 2.0 TDCi', 136),
(351, 56, '(I) 2.0 TDCi', 140),
(352, 56, '(I) 2.0 TDCi', 163),
(353, 56, '(II) 2.0 TDCI', 140),
(354, 56, '(II) 2.0 TDCI', 163),
(355, 56, '(I) Duratec 2.5', 200),
(356, 56, '(II) 1.6 Ecoboost 2x4', 150),
(357, 56, '(II) 1.6 Ecoboost 4x4', 182),
(358, 57, '2.0i 16V', 124),
(359, 57, '2.3i 16V AWD', 150),
(360, 57, '2.4 i GLS', 118),
(361, 57, '2.4i 12V', 124),
(362, 57, '3.0i 4WD', 203),
(363, 57, '3.0i V6 24V AWD', 197),
(364, 58, '1.6i', 120),
(365, 58, 'I 1.6i 16V', 90),
(366, 58, 'I 1.6i 16V', 88),
(367, 58, 'I 1.8i 16V', 112),
(368, 58, 'I 2.0i 16V', 136),
(369, 58, 'I 2.5i 24V', 170),
(370, 58, 'II 1.6i 16V', 95),
(371, 58, 'II 1.8i 16V', 115),
(372, 58, 'II 2.0i', 130),
(373, 58, 'II 2.5i V6', 170),
(374, 58, 'III 1.8i', 110),
(375, 58, 'III 1.8i', 125),
(376, 58, 'III 1.8SCi', 130),
(377, 58, 'III 2.0i', 146),
(378, 58, 'III 2.5i', 170),
(379, 58, 'III 3.0i V6', 204),
(380, 58, 'III 3.0i V6', 226),
(381, 58, 'IV 1.6i 16V', 110),
(382, 58, 'IV 1.6i 16V', 125),
(383, 58, 'IV 2.0i 16V', 145),
(384, 58, 'IV 2.3i 16V', 160),
(385, 58, 'IV 2.5i 20V', 220),
(386, 58, 'III (B4Y) 2.0 TDCi', 116),
(387, 58, 'III (B4Y) 2.0 TDCi', 131),
(388, 58, 'III (B4Y) 2.2 TDCi', 155),
(389, 58, 'IV (BA7) 1.8 TDCi', 101),
(390, 58, 'IV (BA7) 1.8 TDCi', 125),
(391, 58, 'IV (BA7) 2.0 TDCi', 116),
(392, 58, 'IV (BA7) 2.0 TDCi', 131),
(393, 58, 'IV (BA7) 2.0 TDCi', 136),
(394, 58, 'IV (BA7) 2.0 TDCi', 140),
(395, 58, 'IV (BA7) 2.0 TDCi', 163),
(396, 58, 'IV (BA7) 2.2 TDCi', 175),
(397, 58, 'IV (BA7) 2.2 TDCi', 200),
(398, 58, 'V 1.6 TDCi', 116),
(399, 58, 'IV (BA7) 1.6 EcoBoost', 160),
(400, 58, 'IV (BA7) 2.0 EcoBoost', 203),
(401, 58, 'IV (BA7) 2.0 EcoBoost', 239),
(402, 58, 'IV (BA7) Duratec 2.5', 220),
(403, 59, 'IV 3.8i V6', 147),
(404, 59, 'IV 3.8i V6', 190),
(405, 59, 'IV 3.8i V6 GT', 152),
(406, 59, 'IV 4.6i V8 32V Cobra', 324),
(407, 59, 'IV 4.6i V8 32V Cobra R', 395),
(408, 59, 'IV 4.6i V8 GT', 215),
(409, 59, 'IV 4.6i V8 GT', 263),
(410, 59, 'IV 4.6i V8 GT', 288),
(411, 59, 'V 3.7i V6', 305),
(412, 59, 'V 4.0i V6', 205),
(413, 59, 'V 4.0i V6 12V', 212),
(414, 59, 'V 4.6i V8 GT', 304),
(415, 59, 'V 5.0i V8', 412),
(416, 59, 'V 5.0i V8', 444),
(417, 59, 'V 5.4i V8', 550),
(418, 60, '2.0i 16V', 145),
(419, 60, '2.3i', 161),
(420, 60, '1.6 TDCi', 116),
(421, 60, '1.6 TDCi', 95),
(422, 60, '1.8 TDCi', 116),
(423, 60, '1.8 TDCi', 125),
(424, 60, '2.0 TDCi', 110),
(425, 60, '2.0 TDCi', 116),
(426, 60, '2.0 TDCi', 131),
(427, 60, '2.0 TDCi', 140),
(428, 60, '2.0 TDCi', 163),
(429, 60, '2.2 TDCi', 175),
(430, 60, '2.2 TDCi', 200),
(431, 60, '1.6 EcoBoost', 160),
(432, 60, '2.0 EcoBoost', 203),
(433, 60, '2.0 EcoBoost', 239),
(434, 60, 'Duratec 2.5', 220),
(435, 61, '2.0 CDi', 100),
(436, 61, '(V) 1.8 TDCi', 110),
(437, 61, '(V) 1.8 TDCi', 75),
(438, 61, '(V) 2.0 TDCi', 125),
(439, 61, '(V) 2.0 TDCi', 90),
(440, 61, '(VI) 2.2 TDCi', 101),
(441, 61, '(VI) 2.2 TDCi', 110),
(442, 61, '(VI) 2.2 TDCi', 131),
(443, 61, '(VI) 2.2 TDCi', 86),
(444, 61, '(VI) 2.2 TDCi Sport', 140),
(445, 61, '(VI) 2.4 TDCi', 101),
(446, 61, '(VI) 2.4 TDCi', 116),
(447, 61, '(VI) 2.4 TDCi', 137),
(448, 61, '(VI) 2.4 TDCi', 140),
(449, 61, '(VI) 3.2 TDCi', 200),
(450, 61, '(VII) 2.2 TDCi', 101),
(451, 61, '(VII) 2.2 TDCi', 116),
(452, 61, '(VII) 2.2 TDCi', 125),
(453, 61, '(VII) 2.2 TDCi', 140),
(454, 61, '(VII) 2.2 TDCi', 155),
(455, 62, '1.6 Duratorq-TDCi', 95),
(456, 62, '1.0 EcoBoost', 101),
(457, 62, '1.0 EcoBoost', 120),
(458, 63, '2.5 MZR-CD', 143),
(459, 63, '3.0 MZR-CD', 156),
(460, 64, '2.5 MZR-CD', 143),
(461, 64, '3.0 MZR-CD', 156),
(462, 65, 'F-150 (12th gen.) 6.4 (2008-2010)', 355),
(463, 65, 'F-150 (12th gen.) 6.7 (starting 2011)', 405),
(464, 65, 'F-250 Super Duty 6.7 (starting 2011)', 405),
(465, 65, 'F-350 Super Duty 6.7 (starting 2011)', 405),
(466, 65, 'F-450 Super Duty 6.7 (starting 2011)', 405),
(467, 65, 'F-550 Chassis Cab 6.7 (starting 2011)', 405),
(468, 65, 'F-650/750 6.7 (starting 2008)', 364),
(469, 65, 'F-650/750 6.7 (starting 2008)', 344),
(470, 65, 'F-650/750 6.7 (starting 2008)', 329),
(471, 65, 'F-650/750 6.7 (starting 2008)', 303),
(472, 65, 'F-650/750 6.7 (starting 2008)', 283),
(473, 65, 'F-650/750 6.7 (starting 2008)', 262),
(474, 65, 'F-650/750 6.7 (starting 2008)', 253),
(475, 65, 'F-650/750 6.7 (starting 2008)', 242),
(476, 65, 'F-650/750 6.7 (starting 2008)', 223),
(477, 65, 'F-650/750 6.7 (starting 2008)', 193),
(478, 66, '1.4 TDCi', 69),
(479, 67, 'I (RBT) 1.3 CDTi', 75),
(480, 67, 'II (RU8) 1.3 TDCi', 75),
(481, 68, '2.2 TDCi', 125),
(482, 68, '2.2 TDCi', 150),
(483, 68, '2.5 TDCi', 143),
(484, 68, '3.0 TDCi', 156),
(485, 68, '3.0 TDCi', 156),
(486, 68, '3.2 TDCi', 200),
(487, 69, '1.8 TDCi', 90),
(488, 69, '1.8 TDCi', 110),
(489, 69, '2.2 TDCi', 110),
(490, 70, '1.8 TDCi', 110),
(491, 70, '1.8 TDCi', 75),
(492, 70, '1.8 TDCi', 90),
(493, 70, 'II 1.0 EcoBoost', 101),
(494, 70, 'II 1.6 EcoBoost', 150),
(495, 71, '2.4i', 130),
(496, 71, '2.8 TD', 95),
(497, 72, '2.0i', 116),
(498, 72, '2.0i', 122),
(499, 72, '2.0i', 126),
(500, 72, '2.0i', 126),
(501, 72, 'GWM Hover 2.8 TCI', 116),
(502, 73, '2.0TD', 143),
(503, 73, '2.4i', 136),
(504, 73, 'GWM  2.0TD', 150),
(505, 74, '1.5i', 150),
(506, 74, '1.5i', 143),
(507, 74, '2.4i', 136),
(508, 74, '2.4i', 164),
(509, 74, 'GWM  2.0TD', 150),
(510, 75, '2.2i', 105),
(511, 76, '2.2i', 110),
(512, 76, 'GWM  5 2.5 TCI', 109),
(513, 77, 'GWM  H5 2.5 TCI', 109),
(514, 78, 'I 1.3i GLS', 75),
(515, 78, 'I 1.3i GLS', 60),
(516, 78, 'I 1.5i', 88),
(517, 78, 'I 1.5i 16V GT', 99),
(518, 78, 'II 1.3i 12V', 75),
(519, 78, 'II 1.3i 12V', 86),
(520, 78, 'II 1.5i 12V', 88),
(521, 78, 'II 1.5i 16V', 102),
(522, 78, 'II 1.5i 16V GT', 99),
(523, 78, 'II 1.6i 16V', 105),
(524, 78, 'III 1.4i', 97),
(525, 78, 'III 1.6i', 112),
(526, 78, 'IV 1.4i', 108),
(527, 78, 'IV 1.6i', 124),
(528, 78, '(LC) 1.5 CRDi', 82),
(529, 78, '(MC) 1.5 CRDi', 110),
(530, 78, '(RB) 1.6 CRDi', 128),
(531, 79, 'IV 1.6i', 122),
(532, 79, 'V 1.6i', 140),
(533, 80, 'II 1.6i', 90),
(534, 80, 'II 1.6i 16V', 114),
(535, 80, 'II 1.8i 16V', 128),
(536, 80, 'II 2.0i 16V', 139),
(537, 80, 'III 1.6', 107),
(538, 80, 'III 1.8i', 132),
(539, 80, 'III 2.0i', 139),
(540, 80, 'III 2.0i 16V', 143),
(541, 80, 'IV 1.6i', 122),
(542, 80, 'IV 2.0i', 143),
(543, 80, 'V 1.6i', 132),
(544, 80, 'V 1.8i', 150),
(545, 80, 'XD 1.6i', 122),
(546, 80, 'XD 2.0i', 143),
(547, 80, '2.0 CRDi', 111),
(548, 81, 'I 3.8i', 335),
(549, 81, 'I 4.6i', 373),
(550, 82, '3.8i', 290),
(551, 82, '3.8i', 315),
(552, 83, '1.1i', 62),
(553, 83, '1.3i', 82),
(554, 83, '1.4i 16V', 97),
(555, 83, '1.6i', 105),
(556, 83, '1.5 CRDi', 88),
(557, 83, '1.5 CRDi', 82),
(558, 83, '1.5 CRDi', 110),
(559, 84, 'IV 2.7i', 192),
(560, 84, 'IV 3.3i', 235),
(561, 84, 'V 2.4i', 180),
(562, 84, 'V 3.0i', 250),
(563, 84, '(TG) 2.2 CRDi', 150),
(564, 84, '(TG) 2.2 CRDi', 155),
(565, 85, '2.4i', 173),
(566, 85, '2.5 CRDi', 110),
(567, 85, '2.5 CRDi', 136),
(568, 85, '2.5 CRDi', 140),
(569, 85, '2.5 CRDi', 170),
(570, 86, '1.2i', 78),
(571, 86, '1.4i', 100),
(572, 86, '1.6i', 126),
(573, 86, '1.1 CRDi', 75),
(574, 86, '1.4 CRDi', 90),
(575, 86, '1.4 CRDi', 75),
(576, 86, '1.6 CRDi', 116),
(577, 87, '1.4i', 109),
(578, 87, '1.6i', 127),
(579, 87, '1.6i', 122),
(580, 87, '2.0i', 143),
(581, 87, 'II 1.4i', 100),
(582, 87, 'II 1.6i', 130),
(583, 87, '(FD) 1.6 CRDi', 110),
(584, 87, '(FD) 1.6 CRDi', 116),
(585, 87, '(FD) 1.6 CRDi', 128),
(586, 87, '(FD) 1.6 CRDi', 90),
(587, 87, '(FD) 2.0 CRDi', 140),
(588, 87, '(GD) 1.4 CRDi', 90),
(589, 87, '(GD) 1.6 CRDi', 110),
(590, 87, '(GD) 1.6 CRDi', 128),
(591, 88, '1.6i', 135),
(592, 88, '2.0i', 150),
(593, 88, '2.0i', 178),
(594, 88, '1.7 CRDi', 116),
(595, 88, '1.7 CRDi', 136),
(596, 89, '2.0i', 150),
(597, 89, '1.7 CRDi', 116),
(598, 89, '2.0 CRDi', 184),
(599, 89, '2.0 CRDi', 136),
(600, 90, '3.8i V6', 264),
(601, 90, 'ix55 3.0 V6 CRDi', 239),
(602, 90, 'ix55 3.0 V6 CRDi', 250),
(603, 90, 'Veracruz 3.0 V6 CRDi', 239),
(604, 91, '1.6i', 103),
(605, 91, '1.8i', 122),
(606, 91, '1.5 CRDi', 102),
(607, 91, '1.5 CRDi', 110),
(608, 91, '1.5 CRDi', 82),
(609, 92, 'I 2.0i', 136),
(610, 92, 'I 2.4i', 146),
(611, 92, 'I 2.4i', 150),
(612, 92, 'I 2.7i V6', 173),
(613, 92, 'I 3.5i V6', 203),
(614, 92, 'II 2.4i', 174),
(615, 92, 'II 2.7i V6 24V', 189),
(616, 92, 'II 3.5i V6', 276),
(617, 92, 'III 2.4i', 175),
(618, 92, 'III 3.3i', 271),
(619, 92, 'I (SM) 2.0 CRDi', 111),
(620, 92, 'I (SM) 2.0 CRDi', 125),
(621, 92, 'I (SM) 2.0 CRDi', 145),
(622, 92, 'II (CM) 2.2 CRDi', 150),
(623, 92, 'II (CM) 2.2 CRDi', 155),
(624, 92, 'II (CM) 2.2 CRDi', 197),
(625, 92, 'II (CM) 2.2 CRDi (auto.)', 197),
(626, 92, 'III (DM) 2.0 CRDi', 184),
(627, 92, 'III (DM) 2.0 CRDi', 150),
(628, 92, 'III (DM) 2.2 CRDi', 197),
(629, 93, '1.4i', 107),
(630, 93, '1.6i', 123),
(631, 94, '3.0i V6', 146),
(632, 94, 'II 2.0i', 105),
(633, 94, 'II 2.0i 16V', 139),
(634, 94, 'III 2.0i', 125),
(635, 94, 'III 2.0i', 95),
(636, 94, 'IV 2.0i', 131),
(637, 94, 'IV 2.0i', 136),
(638, 94, 'IV 2.4i', 150),
(639, 94, 'IV 2.5i V6', 160),
(640, 94, 'IV 2.7i', 173),
(641, 94, 'V 2.0 i 16V', 144),
(642, 94, 'V 2.0i 16V', 137),
(643, 94, 'V 2.4i 16V', 161),
(644, 94, 'V 2.7i V6', 172),
(645, 94, 'V 3.3i V6 24V', 233),
(646, 94, 'VI 2.0i', 150),
(647, 94, 'VI 2.4i', 178),
(648, 94, '(NF) 2.0 CRDi', 140),
(649, 94, '(NF) 2.0 CRDi', 150),
(650, 95, '2.5d', 101),
(651, 95, '3.5i V6', 194),
(652, 95, '3.5i V6', 200),
(653, 95, '2.9 CRDi', 150),
(654, 95, '2.9 CRDi', 163),
(655, 96, 'I 1.6i', 114),
(656, 96, 'I 1.8i', 130),
(657, 96, 'I 2.0i', 140),
(658, 96, 'II 2.0i', 143),
(659, 96, 'II 2.0i', 138),
(660, 96, 'II 2.7i V6', 173),
(661, 97, '2.0i 16V', 136),
(662, 97, '2.7i V6 24V', 173),
(663, 97, '2.0 CRDi', 113),
(664, 98, '2.0i 16V', 140),
(665, 98, '2.7i V6', 173),
(666, 98, '2.0 CRDi', 113),
(667, 98, '2.0 CRDi', 140),
(668, 98, '2.5 CRDi', 140),
(669, 99, '1.6i', 138),
(670, 100, '1.4i 16V', 97),
(671, 100, '1.6i 16V', 112),
(672, 100, '1.5 CRDi', 110),
(673, 101, '2.5 CRDi', 174),
(674, 102, '2.5 CRDi', 124),
(675, 103, '2.5 CRDi', 140),
(676, 103, '2.5 CRDi', 140),
(677, 104, '1.1 CRDi', 75),
(678, 105, '1.4 CRDi', 90),
(679, 105, '1.6 CRDi', 116),
(680, 106, '(IV) 2.5 CRDi', 124),
(681, 107, '2.0 CRDi', 140),
(682, 108, '2.5 CRDI', 140),
(683, 109, '1.6i', 105),
(684, 109, '1.8i', 109),
(685, 109, '1.8i', 126),
(686, 109, '2.0i', 139),
(687, 109, 'II 1.6i', 126),
(688, 109, 'II 2.0i', 144),
(689, 110, '(UP) 2.5i V6 24V', 175),
(690, 110, 'I 2.5i V6 24V', 165),
(691, 110, 'II 2.5 i V6 24V', 150),
(692, 110, 'III 2.7i', 189),
(693, 110, 'III 3.8i', 254),
(694, 111, '1.4i', 109),
(695, 111, '1.6i', 129),
(696, 111, '1.6i CVVT', 122),
(697, 111, '2.0i CVTT', 143),
(698, 111, 'II 1.4i', 109),
(699, 111, 'II 1.6i', 122),
(700, 111, 'III 1.4i', 100),
(701, 112, '1.6i', 126),
(702, 112, '1.6i 16V', 105),
(703, 112, '2.0i', 156),
(704, 112, '2.0i', 150),
(705, 112, '2.0i 16V', 143),
(706, 112, 'II 1.6i', 126),
(707, 112, 'II 2.0i', 156),
(708, 112, 'III 1.6i', 130),
(709, 112, 'III 2.0i', 150),
(710, 113, '1.6i', 140),
(711, 113, '2.4i', 173),
(712, 113, 'Koup 2.4i', 173),
(713, 114, 'I 2.0i', 136),
(714, 114, 'I 2.5i V6', 169),
(715, 114, 'II 2.0i', 145),
(716, 114, 'II 2.0i 16V', 136),
(717, 114, 'II 2.5i V6 24V', 168),
(718, 114, 'II 2.7i V6 24V', 188),
(719, 114, 'III 2.0i', 150),
(720, 114, 'III 2.0i', 274),
(721, 114, 'III 2.0i CVVT', 164),
(722, 114, 'III 2.4i', 175),
(723, 114, 'III 2.4i GDI', 200),
(724, 114, 'III 2.7i CVVT', 193),
(725, 115, '3.8i V6', 274),
(726, 115, '4.6i V8', 340),
(727, 116, '3.0i V6', 187),
(728, 116, '3.5i V6 24V', 198),
(729, 116, '3.8i V6 24V', 266),
(730, 117, 'III 2.0i', 150),
(731, 117, 'III 2.0i', 165),
(732, 117, 'III 2.0i', 165),
(733, 117, 'III 2.4i', 180),
(734, 118, 'I 1.0i 12V', 60),
(735, 118, 'I 1.1i 12V', 64),
(736, 118, 'II 1.0i 12V', 69),
(737, 118, 'II 1.2i 16V', 85),
(738, 119, '3.8i', 290),
(739, 120, 'I 1.3i', 75),
(740, 120, 'I 1.3i', 82),
(741, 120, 'I 1.5 i 16V', 98),
(742, 120, 'I 1.5i 16V', 108),
(743, 120, 'II 1.4i 16V', 97),
(744, 120, 'II 1.6i 16V', 112),
(745, 120, 'III 1.4i', 107),
(746, 120, 'III 1.6i', 123),
(747, 121, 'I 2.4i 16V', 139),
(748, 121, 'I 3.5i V6 24V', 195),
(749, 121, 'II 3.3i V6', 247),
(750, 121, 'II 3.3i V6', 238),
(751, 121, 'III 2.2i 4WD', 197),
(752, 121, 'III 2.2i 4WD', 197),
(753, 121, 'III 2.4i 4WD', 175),
(754, 121, 'III 3.5i V6', 276),
(755, 122, '1.6i', 126),
(756, 123, '1.6i 16V', 101),
(757, 123, 'USA 1.8i', 126),
(758, 123, 'USA 2.0i', 140),
(759, 124, '2.0i', 163),
(760, 124, '2.0i', 95),
(761, 124, '2.0i 16V', 128),
(762, 124, '2.0i 16V', 118),
(763, 124, 'II 2.0i 16V', 142),
(764, 124, 'II 2.7i V6', 175),
(765, 124, 'III 2.0i', 150),
(766, 124, 'III 2.4i', 176),
(767, 125, '1. i 16V', 75),
(768, 125, '1.3i', 75),
(769, 125, '1.3i', 86),
(770, 125, '1.4i', 68),
(771, 125, '1.4i 16V', 80),
(772, 125, '1.5i', 103),
(773, 125, '1.6i 16V', 101),
(774, 125, '(I/DY) 1.4 MZ-CD', 68),
(775, 125, '(II/DE) 1.4 MZ-CD', 68),
(776, 125, '(II/DE) 1.6 MZ-CD', 90),
(777, 126, '1.4i', 80),
(778, 126, '1.5i SKYACTIV-G AT', 120),
(779, 126, '1.6i', 104),
(780, 126, '1.6i', 105),
(781, 126, '2.0i', 148),
(782, 126, '2.0i', 150),
(783, 126, '2.i', 171),
(784, 126, '2.i', 156),
(785, 126, '2.5i', 167),
(786, 126, '(I/BK) 1.6 MZ-CD', 109),
(787, 126, '(I/BK) 1.6 MZ-CR', 90),
(788, 126, '(I/BK) 2.0 MZR-CD', 143),
(789, 126, '(II/BL) 1.6 MZ-CD', 109),
(790, 126, '(II/BL) 1.6 MZR-CD', 116),
(791, 126, '(II/BL) 2.2 MZR-CD', 150),
(792, 126, '(II/BL) 2.2 MZR-CD', 185),
(793, 127, 'S VI (BJ) 1.6i', 98),
(794, 127, 'S VI (BJ) 2.0i 16V', 130),
(795, 128, '1.8i', 116),
(796, 128, '2.0 i 16V', 144),
(797, 128, '2.0i 16V MZR', 145),
(798, 128, '2.3i 16V', 153),
(799, 128, '2.i 16V', 157),
(800, 128, '(I/CR) 2.0 MZR-CD', 110),
(801, 128, '(I/CR) 2.0 MZR-CD', 143),
(802, 128, '(II/CW) 1.6 MZR-CD', 116),
(803, 129, '1.8i', 120),
(804, 129, '2.0i', 150),
(805, 129, '2.0i', 147),
(806, 129, '2.3i', 166),
(807, 129, '2.3i', 260),
(808, 129, '2.5i', 170),
(809, 129, '2.5i', 192),
(810, 129, '3.7i', 273),
(811, 129, '(I/GG/GY) 2.0 MZR-CD', 143),
(812, 129, '(I/GG/GY) 2.0 MZR-CD', 140),
(813, 129, '(I/GG/GY) 2.0 MZR-CD', 136),
(814, 129, '(I/GG/GY) 2.0 MZR-CD', 121),
(815, 129, '(II/GH) 2.0 MZR-CR', 140),
(816, 129, '(II/GH) 2.2 MZR-CD', 125),
(817, 129, '(II/GH) 2.2 MZR-CD', 129),
(818, 129, '(II/GH) 2.2 MZR-CD', 163),
(819, 129, '(II/GH) 2.2 MZR-CD', 179),
(820, 129, '(II/GH) 2.2 MZR-CD', 185),
(821, 129, '(III/GJ) 2.2 SKYACTIV-D', 150),
(822, 129, '(III/GJ) 2.2 SKYACTIV-D', 175),
(823, 130, '1.8i', 120),
(824, 130, '2.0i', 147),
(825, 130, '2.0i', 150),
(826, 130, '2.3i', 178),
(827, 130, '2.3i 16V', 178),
(828, 130, '2.3i 4WD', 175),
(829, 130, '2.5i', 170),
(830, 130, 'Speed 2.3 T 4WD', 272),
(831, 130, 'Sport 2.5i', 166),
(832, 130, 'Sport 2.5i 4WD', 166),
(833, 131, '1.5i CVT', 111),
(834, 132, 'Wagon 0.7 T', 64),
(835, 132, 'Wagon 0.7 T 4WD', 64),
(836, 132, 'Wagon 0.7i', 54),
(837, 132, 'Wagon 0.7i 4WD', 54),
(838, 132, '-Offroad 0.7 T 4WD', 64),
(839, 133, '-series 2.5TD Doule Ca', 109),
(840, 134, '0.7i', 54),
(841, 134, '0.7i 4WD', 54),
(842, 135, '2.0i', 150),
(843, 135, '2.5i', 192),
(844, 135, '2.2 SKYACTIV-D', 150),
(845, 135, '2.2 SKYACTIV-D', 175),
(846, 136, '2.3i', 238),
(847, 136, '2.3i', 238),
(848, 136, '2.5i', 163),
(849, 136, '2.2 MZR-CD', 173),
(850, 137, '3.5i V6', 263),
(851, 137, '3.7i V6', 273),
(852, 138, '1.3i', 91),
(853, 138, '1.3i 16V', 63),
(854, 138, '1.3i 16V', 72),
(855, 138, '1.5i', 113),
(856, 138, '1.5i 16V', 75),
(857, 139, 'Van 1.2i', 90),
(858, 139, 'Van 1.5i', 109),
(859, 139, 'Van 1.6i 4WD', 109),
(860, 139, 'Van 1.8i', 124),
(861, 140, 'I 1.6i', 90),
(862, 140, 'I 1.8i', 130),
(863, 140, 'II 1.6i 16V', 110),
(864, 140, 'II 1.6i 16V', 125),
(865, 140, 'II 1.8i 16V', 140),
(866, 140, 'II 1.8i 16V', 146),
(867, 140, 'III 1.8i 16V', 126),
(868, 140, 'III 2.0i 16V', 160),
(869, 140, 'III 2.0i 16V', 167),
(870, 141, '2.0i', 139),
(871, 141, '2.0i', 145),
(872, 141, '2.3i', 165),
(873, 142, '1.3i', 240),
(874, 143, 'Wagon 0.7 T', 64),
(875, 143, 'Wagon 0.7 T 4WD', 64),
(876, 144, 'I 2.0i', 124),
(877, 144, 'I 2.3i', 150),
(878, 144, 'I 3.0i V6', 203),
(879, 144, 'I 3.0i V6', 197),
(880, 144, 'I 3.7i V6', 273),
(881, 144, 'II 2.3i', 133),
(882, 144, 'II 2.3i', 150),
(883, 144, 'II 2.5i', 171),
(884, 144, 'II 3.0i V6', 240),
(885, 145, '1.5i', 113),
(886, 145, '1.5i 4WD', 113),
(887, 146, '2.5 MZR-CD', 143),
(888, 146, '3.0 MZR-CD', 156),
(889, 146, '3.2 MZR-CD', 200),
(890, 147, '(II) 2.0 MZR-CD', 136),
(891, 148, '140 (168.031)', 82),
(892, 148, '150 (169)', 95),
(893, 148, '160 (168.033)', 102),
(894, 148, '160 (169)', 95),
(895, 148, '170 (169)', 116),
(896, 148, '180 (169)', 116),
(897, 148, '190 (168)', 125),
(898, 148, '200 (169)', 136),
(899, 148, '210 Evolution (168)', 140),
(900, 148, '(W168) 160 CDI', 60),
(901, 148, '(W168) 160 CDI', 75),
(902, 148, '(W168) 170 CDI', 90),
(903, 148, '(W168) 170 CDI', 95),
(904, 148, '(W169) 160 CDI', 82),
(905, 148, '(W169) 180 CDI', 109),
(906, 148, '(W169) 200 CDI', 140),
(907, 148, '(W176) 180 CDI BlueEF. (7G-DCT)', 109),
(908, 148, '(W176) 180 CDI BlueEF. (Mnul-Gerbox)', 109),
(909, 148, '(W176) 200 CDI BlueEF.', 136),
(910, 148, '(W176) 220 CDI BlueEF.', 170),
(911, 148, '(W176) 180 BlueEF.', 122),
(912, 148, '(W176) 200 BlueEF.', 156),
(913, 148, '(W176) 250 BlueEF.', 211),
(914, 149, '150 (W245)', 95),
(915, 149, '170 (W245)', 116),
(916, 149, '180 (W245)', 116),
(917, 149, '200 (W245)', 136),
(918, 149, '(T245) 180 CDI', 109),
(919, 149, '(T245) 200 CDI', 140),
(920, 149, '(W246) 180 CDI lueEF.', 109),
(921, 149, '(W246) 200 CDI lueEF.', 136),
(922, 149, '(W246) 220 CDI lueEF.', 170),
(923, 149, '(W246) 180 lueEF.', 122),
(924, 149, '(W246) 200 lueEF.', 156),
(925, 149, '(W246) 220', 184),
(926, 149, '(W246) 250', 211),
(927, 150, '160В (W203)', 122),
(928, 150, '180 (W203)', 129),
(929, 150, '180 kompressor (W203)', 143),
(930, 150, '180 kompressor (W204)', 156),
(931, 150, '200 (W203) 2.0i', 163),
(932, 150, '200 kompressor (W204)', 184),
(933, 150, '230 (W203)', 204),
(934, 150, '230 (W204)', 204),
(935, 150, '230 Kompressor (W203)', 192),
(936, 150, '240 (S203)', 170),
(937, 150, '240 (W202)', 170),
(938, 150, '240 (W203)', 170),
(939, 150, '250 V6 (W204)', 204),
(940, 150, '280 (S204)', 231),
(941, 150, '280 (W202)', 197),
(942, 150, '280 (W203)', 231),
(943, 150, '280 (W204)', 231),
(944, 150, '300 (W204)', 231),
(945, 150, '300 (W204)', 250),
(946, 150, '320 (W203)', 218),
(947, 150, '320 (W203)', 218),
(948, 150, '320 4Mati (S203)', 218),
(949, 150, '350 (S204)', 272),
(950, 150, '350 (W203)', 272),
(951, 150, '350 (W204)', 306),
(952, 150, '350 (W204)', 272),
(953, 150, 'AMG III 63 AMG 6.2 AT', 457),
(954, 150, 'AMG III 63 AMG 6.2 AT', 487),
(955, 150, 'AMG III 63 AMG 6.2 AT', 507),
(956, 150, '(W202) 200 DI', 102),
(957, 150, '(W202) 220 DI', 125),
(958, 150, '(W203) 200 DI', 116),
(959, 150, '(W203) 200 DI', 122),
(960, 150, '(W203) 200 DI (aut.)', 122),
(961, 150, '(W203) 220 DI', 136),
(962, 150, '(W203) 220 DI', 143),
(963, 150, '(W203) 220 DI', 150),
(964, 150, '(W203) 270 DI', 163),
(965, 150, '(W203) 270 DI', 170),
(966, 150, '(W203) 30 DI AMG', 231),
(967, 150, '(W203) 320 DI', 224),
(968, 150, '(W203) 320 DI Autom.', 224),
(969, 150, '(W204) 180 DI BlueEF.', 120),
(970, 150, '(W204) 180 GI BlueEF', 156),
(971, 150, '(W204) 200 DI (before 11/2009)', 136),
(972, 150, '(W204) 200 DI BlueEF. (04/2008-11/2009)', 136),
(973, 150, '(W204) 200 DI BlueEF. (starting 11/2009)', 136),
(974, 150, '(W204) 220 DI (before 06/2009)', 170),
(975, 150, '(W204) 220 DI BlueEF. (starting 06/2009)', 170),
(976, 150, '(W204) 250 DI BlueEF.', 204),
(977, 150, '(W204) 300 DI BlueEF.', 231),
(978, 150, '(W204) 320 DI', 224),
(979, 150, '(W204) 350 DI', 224),
(980, 150, '(W204) 350 DI', 231),
(981, 150, '(W204) 350 DI BlueEF.', 265),
(982, 150, 'Sportoupe (L203) 200 DI', 122),
(983, 150, 'Sportoupe (L203) 220 DI', 150),
(984, 150, 'Sportoupe (L203) 30 DI AMG', 231),
(985, 150, '(W204) 180 GI', 156),
(986, 150, '(W204) 180 GI BlueEF.', 156),
(987, 150, '(W204) 200 GI BlueEF.', 184),
(988, 150, '(W204) 250 GI BlueEF.', 204),
(989, 151, '500 5.0i', 306),
(990, 151, '500 5.5i', 388),
(991, 152, '350', 272),
(992, 152, '180 Kompressor 1.8', 143),
(993, 152, '200 Kompressor 1.8', 184),
(994, 152, '(CL203) 200 CDI', 122),
(995, 152, '(CL203) 220 CDI', 150),
(996, 153, '200 (W208)', 136),
(997, 153, '240 (W209)', 170),
(998, 153, '280 (W209)', 231),
(999, 153, '320 (W208)', 218),
(1000, 153, '320 (W209)', 218),
(1001, 153, '350 (W209)', 272),
(1002, 153, '430 (W208)', 279),
(1003, 153, '500 (W209)', 306),
(1004, 153, '500 (W209)', 388),
(1005, 153, '(C209) 220 CDI', 150),
(1006, 153, '(C209) 270 CDI', 170),
(1007, 153, '(C209) 320 CDI', 224),
(1008, 154, '280 (C219)', 231),
(1009, 154, '300 (C219)', 231),
(1010, 154, '350 (C219)', 272),
(1011, 154, '350 (X218)', 306),
(1012, 154, '500 (C219)', 388),
(1013, 154, '500 (C219)', 306),
(1014, 154, '550 (C219)', 388),
(1015, 154, '(C218) 250 CDI BlueEF.', 204),
(1016, 154, '(C219) 320 CDI', 224),
(1017, 154, '(C219) 350 CDI', 224),
(1018, 155, '200 Komprssor 1.8', 163),
(1019, 155, '230 (S211)', 204),
(1020, 155, '230 (W211)', 204),
(1021, 155, '240 (S211)', 177),
(1022, 155, '240 (W210)', 170),
(1023, 155, '240 (W211)', 177),
(1024, 155, '280 (S211)', 231),
(1025, 155, '280 (W211)', 231),
(1026, 155, '300 (W212)', 252),
(1027, 155, '300 (W212)', 231),
(1028, 155, '320 (S211)', 224),
(1029, 155, '320 (W210)', 224),
(1030, 155, '320 (W211)', 224),
(1031, 155, '350 (C207)', 272),
(1032, 155, '350 (S211)', 272),
(1033, 155, '350 (S212)', 272),
(1034, 155, '350 (W211)', 272),
(1035, 155, '350 (W212)', 272),
(1036, 155, '350 (W212)', 292),
(1037, 155, '430 (S210)', 279),
(1038, 155, '500 (C207)', 388),
(1039, 155, '500 (S211)', 306),
(1040, 155, '500 (S211)', 388),
(1041, 155, '500 (W211)', 306),
(1042, 155, '500 (W211)', 388),
(1043, 155, '500 (W212)', 388),
(1044, 155, '550 (S211)', 388),
(1045, 155, '63 AMG (W212, S212) 6.2i', 525),
(1046, 155, '(W210) 200 CDI', 116),
(1047, 155, '(W210) 200 CDI', 102),
(1048, 155, '(W210) 220 CDI', 125),
(1049, 155, '(W210) 220 CDI', 136),
(1050, 155, '(W210) 220 CDI', 143),
(1051, 155, '(W210) 270 CDI', 163),
(1052, 155, '(W210) 270 CDI', 170),
(1053, 155, '(W210) 320 CDI', 197),
(1054, 155, '(W211) 200 CDI', 102),
(1055, 155, '(W211) 200 CDI', 122),
(1056, 155, '(W211) 200 CDI', 136),
(1057, 155, '(W211) 220 CDI', 136),
(1058, 155, '(W211) 220 CDI', 150),
(1059, 155, '(W211) 220 CDI', 170),
(1060, 155, '(W211) 270 CDI', 163),
(1061, 155, '(W211) 270 CDI', 177),
(1062, 155, '(W211) 280 CDI', 177),
(1063, 155, '(W211) 280 CDI (aut.)', 190),
(1064, 155, '(W211) 280 CDI (man.)', 190),
(1065, 155, '(W211) 300 CDI Blutc', 211),
(1066, 155, '(W211) 320 CDI', 204),
(1067, 155, '(W211) 320 CDI', 224),
(1068, 155, '(W211) 320 CDI', 224),
(1069, 155, '(W211) 320 CDI (US Spc)', 211),
(1070, 155, '(W211) 400 CDI', 260),
(1071, 155, '(W211) 420 CDI', 314),
(1072, 155, '(W212) 200 CDI BluF.', 136),
(1073, 155, '(W212) 220 CDI', 170),
(1074, 155, '(W212) 220 CDI BluF.', 163),
(1075, 155, '(W212) 300 CDI BluF.', 231),
(1076, 155, '(W212) 300 CDI BluF.', 204),
(1077, 155, '(W212) 350 BluTC', 211),
(1078, 155, '(W212) 350 BluTC (US Spc)', 213),
(1079, 155, '(W212) 200', 184),
(1080, 155, '(W212) 200 CGI BluF.', 184),
(1081, 155, '(W212) 250', 211),
(1082, 155, '(W212) 250 CGI BluF.', 204),
(1083, 156, '55 AM', 507),
(1084, 156, '(W463) 270 CDI', 156),
(1085, 156, '(W463) 280 CDI', 184),
(1086, 156, '(W463) 300 CDI', 188),
(1087, 156, '(W463) 320 CDI', 224),
(1088, 156, '(W463) 350 BlueTEC', 211),
(1089, 156, '(W463) 400 CDI', 250),
(1090, 157, '450 (X164)', 340),
(1091, 157, '450 (X166)', 340),
(1092, 157, '500 (X164)', 388),
(1093, 157, '500 (X166)', 388),
(1094, 157, '500 (X166)', 435),
(1095, 157, '550 (X166)', 382),
(1096, 157, '(X164) 320 CDI (2006-2009)', 224),
(1097, 157, '(X164) 350 BlueTEC (starting 2009)', 211),
(1098, 157, '(X164) 350 CDI BlueEF. (starting 2009)', 224),
(1099, 157, '(X164) 420 CDI (2006-2009)', 306),
(1100, 157, '(X164) 450 CDI (starting 2009)', 306),
(1101, 157, '(X166)  350 BlueTEC (US Spec)', 243),
(1102, 158, 'CLK 550 (W209)', 388),
(1103, 158, '280 (X204)', 231),
(1104, 158, '300 4MATIC (X204)', 231),
(1105, 158, '300 4MATIC BlueEFFICIENCY (X204(2012))', 250),
(1106, 158, '350 (X204)', 272),
(1107, 158, '350 (X204)', 306),
(1108, 158, '(X204) 200 CDI BlueEF.', 143),
(1109, 158, '(X204) 220 CDI BlueEF.', 170),
(1110, 158, '(X204) 250 CDI BlueEF.', 204),
(1111, 158, '(X204) 320 CDI 4MATIC', 224),
(1112, 158, '(X204) 350 CDI', 224),
(1113, 158, '(X204) 350 CDI 4MATIC', 231),
(1114, 158, '(X204) 350 CDI 4MATIC BlueEF.', 265),
(1115, 158, '(X204) 250', 211),
(1116, 158, '(X204) 250 CGI BlueEF.', 204),
(1117, 159, 'L 230 (W163)', 150),
(1118, 159, 'L 320 (W163)', 218),
(1119, 159, 'L 350 (W163)', 235),
(1120, 159, 'L 350 (W164)', 272),
(1121, 159, 'L 430 (W163)', 272),
(1122, 159, 'L 500 (W163)', 292),
(1123, 159, 'L 500 (W164)', 306),
(1124, 159, 'L 500 (W164)', 388),
(1125, 159, 'L 550 (W164)', 388),
(1126, 159, 'L (W163) 270 CDI', 163),
(1127, 159, 'L (W163) 400 CDI', 250),
(1128, 159, 'L (W164) 280 CDI (2005-2009)', 190),
(1129, 159, 'L (W164) 300 CDI', 204),
(1130, 159, 'L (W164) 300 CDI BlueEF. (starting 2009)', 190),
(1131, 159, 'L (W164) 320 CDI (2005-2009)', 224),
(1132, 159, 'L (W164) 320 CDI (US Spec)', 215),
(1133, 159, 'L (W164) 350 BlueTEC', 211),
(1134, 159, 'L (W164) 350 CDI', 231),
(1135, 159, 'L (W164) 350 CDI (starting 2009)', 224),
(1136, 159, 'L (W164) 420 CDI (2007-2009)', 306),
(1137, 159, 'L (W164) 450 CDI (starting 2009)', 306),
(1138, 159, 'L (W166) 250 CDI BlueEF.', 204),
(1139, 159, 'L (W166) 350 BlueTEC', 258),
(1140, 160, '350 3.5i', 306),
(1141, 161, '280 (W251)', 231),
(1142, 161, '350 (W251)', 272),
(1143, 161, '500 (W251)', 388),
(1144, 161, '500 (W251)', 306),
(1145, 161, '(W251) 280 CDI', 190),
(1146, 161, '(W251) 300 CDI (until 2010)', 190),
(1147, 161, '(W251) 300 CDI BlueEF.', 190),
(1148, 161, '(W251) 320 CDI', 224),
(1149, 161, '(W251) 320 CDI (US Spec)', 215),
(1150, 161, '(W251) 350 CDI', 224),
(1151, 161, '(W251) 350 CDI 4MATIC BlueEF.', 265),
(1152, 161, '(W251) 350 CDI BlueTEC', 211),
(1153, 162, '280 (W220)', 204),
(1154, 162, '300 (W221)', 231),
(1155, 162, '320 (W220)', 224),
(1156, 162, '350 (W220)', 245),
(1157, 162, '350 (W221)', 272),
(1158, 162, '350 (W221)', 306),
(1159, 162, '430 (W220)', 279),
(1160, 162, '450 (W221)', 340),
(1161, 162, '500 (W220)', 306),
(1162, 162, '500 (W221)', 388),
(1163, 162, '500 (W221)', 435),
(1164, 162, '600 (W220)', 367),
(1165, 162, '(W220) 320 CDI', 235),
(1166, 162, '(W220) 320 CDI', 204),
(1167, 162, '(W220) 320 CDI', 197),
(1168, 162, '(W220) 400 CDI', 250),
(1169, 162, '(W220) 400 CDI', 260),
(1170, 162, '(W220) 420 CDI', 320),
(1171, 162, '(W221) 250 CDI BlueEF.', 204),
(1172, 162, '(W221) 320 CDI', 235),
(1173, 162, '(W221) 320 CDI BlueEF. (2008-2009)', 235),
(1174, 162, '(W221) 350 BlueTEC (U pec)', 243),
(1175, 162, '(W221) 350 CDI BlueEF. (tarting 2009)', 235),
(1176, 162, '(W221) 420 CDI', 320),
(1177, 162, '(W221) 450 CDI', 320),
(1178, 163, '280 (R129)', 204),
(1179, 163, '280 (R230 FL)', 231),
(1180, 163, '300 (R230 FL)', 231),
(1181, 163, '320 (R129)', 224),
(1182, 163, '350 (R230 FL)', 316),
(1183, 163, '350 (R230)', 245),
(1184, 163, '350 (R230)', 272),
(1185, 163, '350 (R230)', 306),
(1186, 163, '500 (R129)', 306),
(1187, 163, '500 (R230 FL)', 388),
(1188, 163, '500 (R230)', 388),
(1189, 163, '500 (R230)', 306),
(1190, 163, '550 (R230 FL)', 388),
(1191, 163, '550 (R230)', 388),
(1192, 164, '200 Kompressor 1.8', 163),
(1193, 164, '230 Kompressor 2.3', 197),
(1194, 164, '280 (R171)', 231),
(1195, 164, '320 (R170)', 218),
(1196, 164, '350 (R171)', 272),
(1197, 164, '(R172) 250 CDI BlueEF.', 204),
(1198, 164, '(R172) 200 CGI BlueEF.', 184),
(1199, 164, '(R172) 250 CGI BlueEF.', 204),
(1200, 165, '230', 143),
(1201, 165, '250 BLUETEC', 190),
(1202, 165, '280', 174),
(1203, 165, '(W638) 200 2.2 CDI', 102),
(1204, 165, '(W638) 220 2.2 CDI', 122),
(1205, 165, '(W638) 3.0 CDI', 204),
(1206, 166, '1.6i', 82),
(1207, 166, '1.6i', 102),
(1208, 166, '1.9i', 125),
(1209, 166, '(W414) 170 CDI', 91),
(1210, 166, '(W414) 170 CDI', 75),
(1211, 166, '(W414) 170 CDI', 107),
(1212, 167, '3.0i', 190),
(1213, 167, '3.2i', 218),
(1214, 167, '(W639) 2.0 CDI', 109),
(1215, 167, '(W639) 2.0 CDI', 136),
(1216, 167, '(W639) 2.2 CDI', 116),
(1217, 167, '(W639) 2.2 CDI', 150),
(1218, 167, '(W639) 2.2 CDI', 163),
(1219, 167, '(W639) 3.0 CDI', 204),
(1220, 167, '(W639) 3.0 CDI', 224),
(1221, 168, '(W415) 108 CDI', 75),
(1222, 168, '(W415) 109 CDI', 90),
(1223, 168, '(W415) 111 CDI', 109),
(1224, 169, 'I (901-905) 208/308/408 CDI', 82),
(1225, 169, 'I (901-905) 211/311/411 CDI', 109),
(1226, 169, 'I (901-905) 213/313/413 CDI', 129),
(1227, 169, 'I (901-905) 216/316/416 CDI', 156),
(1228, 169, 'II (W906) 209/309/409 CDI', 88),
(1229, 169, 'II (W906) 210/310/510 CDI', 95),
(1230, 169, 'II (W906) 211/311/411/511 CDI', 109),
(1231, 169, 'II (W906) 213/313/413/513 CDI', 129),
(1232, 169, 'II (W906) 215/315/415/515 CDI', 150),
(1233, 169, 'II (W906) 216/316/416/516 CDI', 163),
(1234, 169, 'II (W906) 218/318/418/518 CDI', 184),
(1235, 169, 'II (W906) 219/319/419/519 CDI', 190),
(1236, 170, '(W638) 108 CDI', 82),
(1237, 170, '(W638) 110 CDI', 102),
(1238, 170, '(W638) 110 CDI', 79),
(1239, 170, '(W638) 110 CDI', 98),
(1240, 170, '(W638) 112 CDI', 122),
(1241, 170, '(W638) 2.0 CDI', 116),
(1242, 170, '(W638) 2.2 CDI', 150),
(1243, 170, '(W638) 2.2 CDI', 109),
(1244, 170, '(W638) 3.0 CDI', 204),
(1245, 170, '(W639) 109 CDI', 88),
(1246, 170, '(W639) 109 CDI', 95),
(1247, 170, '(W639) 110CDI', 95),
(1248, 170, '(W639) 111 CDI', 109),
(1249, 170, '(W639) 111 CDI', 116),
(1250, 170, '(W639) 113 CDI', 136),
(1251, 170, '(W639) 115 CDI', 150),
(1252, 170, '(W639) 116 CDI', 163),
(1253, 170, '(W639) 120 CDI', 204),
(1254, 170, '(W639) 122 CDI', 224),
(1255, 171, '(C 117) 180', 122),
(1256, 171, '(C 117) 180 BlueEF.', 122),
(1257, 171, '(C 117) 200', 156),
(1258, 171, '(C 117) 250', 211),
(1259, 172, '(X156) 200', 156),
(1260, 172, '(X156) 250', 211),
(1261, 173, '3.8i', 238),
(1262, 174, '1.6i', 117),
(1263, 174, '1.8i', 140),
(1264, 174, '2.0i', 150),
(1265, 174, '1.8 DI-D', 150),
(1266, 174, '2.2 DI-D 4WD', 150),
(1267, 175, 'V 1.3i', 75),
(1268, 175, 'V 1.6i', 90),
(1269, 175, 'V 1.6i', 113),
(1270, 175, 'VI 1.3i 16V', 82),
(1271, 175, 'VI 1.6i 16V GLS', 103),
(1272, 175, 'VI 1300 GL,GLX (CJ 1A)', 75),
(1273, 175, 'VI 1600 GLX (CJ 4A)', 90),
(1274, 175, 'VII 1.1i CZ1', 75),
(1275, 175, 'VII 1.3i', 92),
(1276, 175, 'VII 1.3i CZ2', 95),
(1277, 175, 'VII 1.5i 16V', 109),
(1278, 175, 'VII 1.5i 16V CZC T', 150),
(1279, 175, 'VII Plus 1.5i', 105),
(1280, 175, '(Z30) 1.5 DI-D', 95),
(1281, 175, '(Z30) 1.5 DI-D', 68),
(1282, 176, 'D:2 1.2i', 91),
(1283, 176, 'D:2 1.2i 4WD', 91),
(1284, 176, 'D:5 2.0i', 150),
(1285, 176, 'D:5 2.4i', 170),
(1286, 176, 'D:5 2.4i 4WD', 170),
(1287, 176, 'D:5 Roadest 2.0i', 150),
(1288, 176, 'D:5 Roadest 2.4i', 170),
(1289, 176, 'D:5 Roadest 2.4i 4WD', 170),
(1290, 177, '1.8 T', 165),
(1291, 177, '1.8 T 4WD', 165),
(1292, 177, '2.0i', 135),
(1293, 177, '2.0i 4WD', 135),
(1294, 178, '2.4i', 162),
(1295, 178, '2.4i', 149),
(1296, 178, '3.0i', 210),
(1297, 178, '3.0i', 213),
(1298, 178, '3.8i', 263),
(1299, 178, '3.8i', 265),
(1300, 178, 'Spider 2.4i', 147),
(1301, 178, 'Spider 2.4i', 149),
(1302, 178, 'Spider 2.4i', 162),
(1303, 178, 'Spider 3.0i', 210),
(1304, 178, 'Spider 3.0i', 213),
(1305, 178, 'Spider 3.8i', 260),
(1306, 178, 'Spyder 3.8i', 265),
(1307, 179, '660 T', 64),
(1308, 179, '660 T 4WD', 64),
(1309, 180, '660', 50),
(1310, 180, '660 4WD', 50),
(1311, 180, 'Bloom Edition 660', 50),
(1312, 180, 'Bloom Edition 660 4WD', 50),
(1313, 181, '3.8i', 225),
(1314, 181, '3.8i AWD', 215),
(1315, 181, '3.8i AWD', 225),
(1316, 182, 'IX 2.4i', 158),
(1317, 182, 'IX 3.8i V6', 258),
(1318, 182, 'IX 3.8i V6', 230),
(1319, 182, 'VII 1.8i', 135),
(1320, 182, 'VII 1.8i (E52A)', 116),
(1321, 182, 'VII 1.8i GLSI (E52A)', 126),
(1322, 182, 'VII 2.0i', 136),
(1323, 182, 'VII 2.0i GLSI (E55A)', 137),
(1324, 182, 'VII 2.0i GLSTD (E57A)', 90),
(1325, 182, 'VII 2.0i V6-24 (E54A)', 150),
(1326, 182, 'VII 2.4i GDI', 145),
(1327, 182, 'VII 2.4i GDI', 150),
(1328, 182, 'VII 2.5i 24V', 163),
(1329, 182, 'VII 2.5i V6-24 4x4 (E88A)', 170),
(1330, 182, 'VIII 1.8i', 140),
(1331, 182, 'VIII 1.8i', 150),
(1332, 182, 'VIII 2.0i', 136),
(1333, 182, 'VIII 2.0i', 145),
(1334, 182, 'VIII 2.0i GDi 16V', 145),
(1335, 182, 'VIII 2.4i', 150),
(1336, 182, 'VIII 2.4i GDI', 150),
(1337, 182, 'VIII 2.5i 24V', 163),
(1338, 182, 'VIII 2.5i 24V', 200),
(1339, 182, 'VIII 3.0i V6 24V GTZ', 197),
(1340, 183, '2.4i 16V MIVEC', 165),
(1341, 184, '0.7', 52),
(1342, 184, '0.7 4WD', 52),
(1343, 184, '0.7 4WD', 64),
(1344, 185, '1.5i', 105),
(1345, 185, '1.8i 16V', 125),
(1346, 185, 'IV 1.3i 16V', 82),
(1347, 185, 'IV 1.6i', 98),
(1348, 185, 'IV 2.0i', 135),
(1349, 185, 'IX 1.6i', 98),
(1350, 185, 'IX 2.0i', 120),
(1351, 185, 'IX 2.4i', 162),
(1352, 185, 'V 1.3i (CB1A)', 75),
(1353, 185, 'V 1.5i', 115),
(1354, 185, 'V 1.6i 16V (CB4A)', 113),
(1355, 185, 'VI 1.3i 12V GL,GLX', 75),
(1356, 185, 'VI 1.5i', 110),
(1357, 185, 'X 1.5i', 109),
(1358, 185, 'X 1.6i MIVEC', 117),
(1359, 185, 'X 1.8i MIVEC', 143),
(1360, 185, 'X 2.0i', 150),
(1361, 185, 'X 2.4i', 168),
(1362, 185, '(VIII) 1.8 DI-D', 116),
(1363, 185, '(VIII) 1.8 DI-D', 150),
(1364, 186, '3.5i', 194),
(1365, 186, '3.5i AWD', 216),
(1366, 186, '3.5i AWD', 209),
(1367, 186, 'Wagon 3.5i', 210),
(1368, 186, 'Wagon 3.5i', 222),
(1369, 187, '660', 50),
(1370, 187, '660 4WD', 50),
(1371, 188, '1.0i MIVEC', 215),
(1372, 188, '1.2i', 78),
(1373, 189, '3.8i', 215),
(1374, 189, '3.8i 4WD', 215),
(1375, 189, '2.5 DI-D', 178),
(1376, 189, '3.2 DI-D', 160),
(1377, 189, '3.2 DI-D', 163),
(1378, 190, '2.0i', 136),
(1379, 190, '2.4i', 162),
(1380, 190, '2.4i', 160),
(1381, 190, '2.4i', 139),
(1382, 190, '2.4i GDI 4WD', 142),
(1383, 190, 'II 2.0i', 147),
(1384, 190, 'II 2.0i DI-D', 136),
(1385, 190, 'II 2.4i', 170),
(1386, 190, 'II 3.0i V6', 220),
(1387, 190, 'II 3.0i V6', 223),
(1388, 190, 'III 2.0i', 146),
(1389, 190, 'III 2.4i', 167),
(1390, 190, 'III 3.0i', 230),
(1391, 190, '(II) 2.2 DI-D', 177),
(1392, 190, '(II) 2.2 DI-D', 156),
(1393, 190, '(II) 2.2 DI-D', 150),
(1394, 190, '(II) 2.2 DI-D', 143),
(1395, 191, '1.8i', 160),
(1396, 191, '1.8i', 130),
(1397, 191, '1.8i', 116),
(1398, 191, '2.0i', 136),
(1399, 191, 'I 3.0i V6 24V', 170),
(1400, 191, 'I 3.0i V6 24V', 177),
(1401, 191, 'II 2.4i', 147),
(1402, 191, 'II 3.0i V6', 220),
(1403, 191, 'II 3.0i V6 24V', 181),
(1404, 191, 'II 3.0i V6 24V GLS', 177),
(1405, 191, 'II 3.0i V6 GLS', 150),
(1406, 191, 'II 3.5i V6', 186),
(1407, 191, 'II 3.5i V6 24V', 208),
(1408, 191, 'II 3.5i V6 24V GDI', 245),
(1409, 191, 'II 3.5i V6 24V GLS', 194),
(1410, 191, 'III 3.5i V6 GDI', 202),
(1411, 191, 'IV 3.0i V6', 178),
(1412, 191, 'IV 3.5i V6', 189),
(1413, 191, 'IV 3.8i V6 24V MIVEC', 250),
(1414, 191, '(V80/V90) 2.5 DI-D', 140),
(1415, 191, '(V80/V90) 3.2 DI-D', 160),
(1416, 191, '(V80/V90) 3.2 DI-D', 167),
(1417, 191, '(V80/V90) 3.2 DI-D', 170),
(1418, 191, '(V80/V90) 3.2 DI-D', 190),
(1419, 191, '(V80/V90) 3.2 DI-D', 200),
(1420, 192, '2.0i', 129),
(1421, 193, '2.5TD', 99),
(1422, 193, '3.0i', 222),
(1423, 193, '3.0i V6', 170),
(1424, 193, 'I 2.5TD', 115),
(1425, 193, '2.5 DI-D', 136),
(1426, 193, '2.5 DI-D', 178),
(1427, 193, '3.2 DI-D', 163),
(1428, 194, 'Single Cab 3.7i', 210),
(1429, 194, 'Single Cab 3.7i 4WD', 210),
(1430, 194, 'Single Cab 4.7i', 230),
(1431, 194, 'Single Cab 4.7i 4WD', 230),
(1432, 195, '1.0i MIVEC', 71),
(1433, 195, '1.2i MIVEC', 80),
(1434, 195, '1.3i', 82),
(1435, 195, '1.6i', 98),
(1436, 195, '1.8i', 112),
(1437, 195, '1.9 DI-D', 102),
(1438, 195, '1.9 DI-D', 116),
(1439, 196, '660', 48),
(1440, 196, '660 4WD', 48),
(1441, 196, '660 T', 64),
(1442, 196, '660 T 4WD', 64),
(1443, 197, 'Double Cab 2.4i', 128),
(1444, 197, 'Double Cab 2.5i', 116),
(1445, 197, 'Double Cab 3.5i', 183),
(1446, 197, '2.5 DI-D', 178),
(1447, 197, '2.5 DI-D', 140),
(1448, 197, '3.2 D-ID', 165),
(1449, 198, '(II) 1.9 DI-D', 102),
(1450, 198, '(II) 1.9 DI-D', 116),
(1451, 199, '2.5 DI-D', 178),
(1452, 200, '(IV) 2.5 DI-D', 131),
(1453, 200, '(IV) 2.5 DI-D', 136),
(1454, 200, '(IV) 2.5 DI-D', 140),
(1455, 200, '(IV) 2.5 DI-D', 178),
(1456, 200, '(IV) 2.5 DI-D+', 167),
(1457, 201, '2.5 DI-D', 178),
(1458, 201, '3.2 DI-D', 163),
(1459, 202, '3.2 DI-D', 163),
(1460, 203, 'Z 3.5i', 280),
(1461, 203, 'Z 3.5i', 287),
(1462, 203, 'Z 3.5i', 306),
(1463, 203, 'Z 3.5i', 313),
(1464, 203, 'Z 3.5i', 313),
(1465, 203, 'Z 3.5i Gran Turismo 4', 300),
(1466, 204, 'Z 3.7i', 332),
(1467, 204, 'Zroadster 3.7i', 328),
(1468, 205, '1.2i', 90),
(1469, 205, 'Expert 1.5i', 109),
(1470, 205, 'Expert 1.5i 4WD', 109),
(1471, 205, 'Expert 1.8i', 124),
(1472, 206, '1.8i', 114),
(1473, 206, '1.6i', 107),
(1474, 206, '2.0i', 136),
(1475, 206, 'I 1.4i', 87),
(1476, 206, 'I 1.4i S,GX,LX', 75),
(1477, 206, 'I 1.6i', 99),
(1478, 206, 'I 1.6i SR,SLX', 90),
(1479, 206, 'I 2.0 GTi', 143),
(1480, 206, 'II 1.5i', 90),
(1481, 206, 'II 1.5i 16V', 98),
(1482, 206, 'II 1.8i', 114),
(1483, 206, 'II 1.8i 16V', 116),
(1484, 206, 'IV 1.6i', 102),
(1485, 206, '(N16) 1.5 dCi', 82),
(1486, 206, '(N16) 2.2 dCi', 111),
(1487, 206, '(N16) 2.2 dCi', 111),
(1488, 206, '(N16) 2.2 dCi', 136),
(1489, 207, '5.6i', 305),
(1490, 208, '1.8i', 125),
(1491, 208, '2.0i', 150),
(1492, 208, '2.0i 4WD', 150),
(1493, 209, 'Sylphy 1.5i', 109),
(1494, 209, 'Sylphy 1.5i', 105),
(1495, 209, 'Sylphy 1.5i 4WD', 109),
(1496, 209, 'Sylphy 1.8i', 115),
(1497, 209, 'Sylphy 1.8i 4WD', 115),
(1498, 209, 'Sylphy 2.0i', 133),
(1499, 209, 'Sylphy 2.0i', 150),
(1500, 210, 'Long 2.0i', 120),
(1501, 210, 'Long 2.0i', 130),
(1502, 210, 'Super Long 2.4i', 140),
(1503, 210, 'Super LongH1 2.5i', 147),
(1504, 210, 'Super LongH2 2.5i', 147),
(1505, 211, '4.5i V8', 280),
(1506, 211, '4.5i V8 Four 4WD', 280),
(1507, 212, 'Cubic 1.5i 4WD', 109),
(1508, 212, '1.5 dCi', 110),
(1509, 213, '2.5i', 170),
(1510, 213, '2.5i', 186),
(1511, 213, '2.5i 4WD', 170),
(1512, 213, '2.5i 4WD', 186),
(1513, 213, '3.5i', 240),
(1514, 213, '3.5i', 280),
(1515, 213, '3.5i 4WD', 240),
(1516, 213, '3.5i 4WD', 280),
(1517, 214, '1.8i', 125),
(1518, 215, 'Z 3.5i', 280),
(1519, 215, 'Z 3.7i', 336),
(1520, 215, 'Zroadster 3.7i', 336),
(1521, 216, 'King Cab 2.4i', 143),
(1522, 216, 'King Cab 2.5i', 152),
(1523, 216, 'King Cab 2.5i', 154),
(1524, 216, 'King Cab 2.5i 4WD', 154),
(1525, 216, 'King Cab 3.3i 4WD', 180),
(1526, 216, 'King Cab 3.3i 4WD', 210),
(1527, 216, 'King Cab 4.0i', 261),
(1528, 216, 'King Cab 4.0i', 265),
(1529, 216, 'King Cab 4.0i 4WD', 265),
(1530, 217, '2.5i', 223),
(1531, 217, '2.5i', 210),
(1532, 217, '3.5i', 280),
(1533, 217, '3.5i', 313),
(1534, 217, '3.5i 4WD', 280),
(1535, 217, '3.5i 4WD', 313),
(1536, 217, '4.5i', 333),
(1537, 218, '1.6i', 117),
(1538, 218, 'I 1.5i', 114),
(1539, 218, 'I 1.6i', 117),
(1540, 218, '1.5 dCi', 110),
(1541, 219, '2.0i', 137),
(1542, 219, '2.0i 4WD', 137),
(1543, 219, 'Highway Star 2.0i', 150),
(1544, 219, 'Highway Star 2.0i 4WD', 139),
(1545, 219, 'Rider 2.0i', 137),
(1546, 219, 'Rider 2.0i 4WD', 129),
(1547, 220, '1.2i', 79),
(1548, 221, 'Grand  1.5i', 109),
(1549, 221, 'C-Gear 1.6i', 105),
(1550, 221, 'Geniss 1.8i', 126),
(1551, 222, '1.1i', 68),
(1552, 222, '1.2i', 90),
(1553, 222, '1.2i', 80),
(1554, 222, '1.2i', 79),
(1555, 222, '1.2i', 108),
(1556, 222, '1.2i 4WD', 79),
(1557, 222, '1.4i', 97),
(1558, 222, '1.5i', 109),
(1559, 223, 'IV 2.0i', 140),
(1560, 223, 'IV 2.0i', 90),
(1561, 223, 'IV 2.5i V6', 190),
(1562, 223, 'IV 3.0i V6', 193),
(1563, 223, 'V 2.0i V6', 140),
(1564, 223, 'V 2.5i V6', 209),
(1565, 223, 'V 3.0i V6', 200),
(1566, 223, 'V 3.5i V6', 255),
(1567, 223, 'VI 3.5i V6', 268),
(1568, 223, 'VII 3.5i V6', 290),
(1569, 224, 'K11 1.0', 60),
(1570, 224, 'K11 1.0i 16V', 54),
(1571, 224, 'K11 1.3i 16V', 75),
(1572, 224, 'K11 1.4i', 82),
(1573, 224, 'K12 1.0i 16V', 65),
(1574, 224, 'K12 1.2i 16V', 65),
(1575, 224, 'K12 1.2i 16V', 80),
(1576, 224, 'K12 1.4i 16V', 88),
(1577, 224, 'K12 160 SR', 110),
(1578, 224, '(K12) 1.5 dCi', 65),
(1579, 224, '(K12) 1.5 dCi', 68),
(1580, 224, '(K12) 1.5 dCi', 82),
(1581, 224, '(K12) 1.5 dCi', 86),
(1582, 225, '0.7', 54),
(1583, 225, '0.7 4WD', 54),
(1584, 225, '0.7 T', 60),
(1585, 225, '0.7 T', 64),
(1586, 225, '0.7 T 4WD', 60),
(1587, 225, '0.7 T 4WD', 64),
(1588, 226, '3.5i V6', 234),
(1589, 226, '3.5i V6', 248),
(1590, 226, '3.5i V6', 249),
(1591, 226, '3.5i V6', 256),
(1592, 226, '3.5i V6', 265),
(1593, 226, '(Z50, Z51) 2.5 dCi', 133),
(1594, 226, '(Z50, Z51) 2.5 dCi', 190),
(1595, 227, 'III (D40) 2.5 dCi', 190),
(1596, 227, 'III (D40) 2.5 dCi', 174),
(1597, 227, 'III (D40) 2.5 dCi', 144),
(1598, 227, 'III (D40) 2.5 dCi', 171),
(1599, 227, 'III (D40) 3.0 dCi V6', 231),
(1600, 228, '1.4i 16V', 88),
(1601, 228, '1.6i 16V', 110),
(1602, 228, '1.5 dCi', 86),
(1603, 228, '1.5 dCi', 68),
(1604, 228, '1.5 dCi DPF', 103),
(1605, 229, '4.0i', 261),
(1606, 229, '4.0i High', 261),
(1607, 230, '5.6i', 317),
(1608, 230, '5.6i High', 317),
(1609, 231, '0.7 4WD', 50),
(1610, 231, '0.7 T', 64),
(1611, 231, '0.7 T 4WD', 64),
(1612, 231, '0.7i', 50),
(1613, 232, '2.5 dCi', 190),
(1614, 232, '2.5 dCi', 174),
(1615, 232, 'Armada 5.6i', 305),
(1616, 232, 'Armada 5.6i 4WD', 305),
(1617, 232, 'I 2.4i', 103),
(1618, 232, 'I 2.4i', 140),
(1619, 232, 'I 3.0i V6', 145),
(1620, 232, 'I 3.0i V6', 153),
(1621, 232, 'II 3.3i V6', 150),
(1622, 232, 'II 3.3i V6', 170),
(1623, 232, 'II 3.5i V6', 253),
(1624, 232, 'II 3.5i V6', 243),
(1625, 232, 'II 3.5i V6', 220),
(1626, 232, 'III 4.0i V6', 270),
(1627, 232, 'IV 3.5i V6', 249),
(1628, 232, '(R51) 2.5 dCi', 171),
(1629, 232, '(R51) 3.0 dCi V6', 231),
(1630, 233, '3.0 dCi', 160),
(1631, 233, 'IV 5.6i', 400),
(1632, 233, 'V 2.8i GR', 129),
(1633, 233, 'V 4.2i', 145),
(1634, 233, 'V 4.5i', 200),
(1635, 233, 'V 4.8i 24V', 245),
(1636, 233, '3.0 dCi 01/2007 – 03/2010', 160),
(1637, 234, '1.0i', 68),
(1638, 235, '2.5i', 163),
(1639, 235, '3.5i', 231),
(1640, 236, '4.5i', 280),
(1641, 237, '10 1.6i', 90),
(1642, 237, '10 2.0i 16V', 115),
(1643, 237, '10 2.0i GT', 150),
(1644, 237, 'P11 1.6i 16V', 99),
(1645, 237, 'P11 1.8i 16V', 114),
(1646, 237, 'P11 2.0i 16V', 115),
(1647, 237, 'P11 2.0i 16V', 130),
(1648, 237, 'P11 2.0i 16V', 140),
(1649, 237, 'P11 2.0i 16V', 150),
(1650, 237, 'P12 1.6i 16V', 109),
(1651, 237, 'P12 1.8i 16V', 116),
(1652, 237, 'P12 2.0i 16V', 140),
(1653, 237, 'P12 2.5i 16V', 170),
(1654, 237, '(P12) 1.9 dCi', 120),
(1655, 237, '(P12) 2.2 dCi', 140),
(1656, 238, '1.8i', 131);
INSERT INTO `engine` (`id`, `model_id`, `name`, `horsepower`) VALUES
(1657, 239, '1.6i', 114),
(1658, 239, '1.6i', 115),
(1659, 239, '2.0i', 140),
(1660, 239, '2.0i', 141),
(1661, 239, '1.5 dCi', 103),
(1662, 239, '1.5 dCi', 106),
(1663, 239, '1.5 dCi', 110),
(1664, 239, '1.6 dCi', 131),
(1665, 239, '2.0 dCi', 150),
(1666, 240, 'II 3.3i', 171),
(1667, 240, 'III 3.5i', 240),
(1668, 240, 'IV 3.5i', 260),
(1669, 241, '1.6i', 117),
(1670, 241, '1.8', 130),
(1671, 241, '1.8i CA', 127),
(1672, 241, '2.0i', 140),
(1673, 241, '2.0i', 142),
(1674, 241, 'SE-R', 165),
(1675, 241, 'SE-R 2.5i', 177),
(1676, 241, 'SE-R Spec-V 2.5i', 175),
(1677, 241, 'SE-R Spec-V 2.5i', 200),
(1678, 242, '2.0i', 137),
(1679, 242, '2.0i', 147),
(1680, 243, '2.5i', 215),
(1681, 243, '3.0i', 260),
(1682, 243, '3.0i', 240),
(1683, 244, '2.5 4WD', 215),
(1684, 244, '2.5 T 4WD', 280),
(1685, 244, '2.5i', 215),
(1686, 244, '3.0i', 260),
(1687, 244, '3.5i 4WD', 272),
(1688, 245, '(N16) 1.5i', 105),
(1689, 245, '(N16) 1.5i', 109),
(1690, 245, '(N16) 1.8i', 120),
(1691, 246, '1.6i', 116),
(1692, 246, '1.8i', 131),
(1693, 247, 'I 2.0i 16V', 136),
(1694, 247, 'I 2.3i V6 24V', 173),
(1695, 247, 'I 3.5i V6', 245),
(1696, 247, 'II 2.5i CVT', 167),
(1697, 247, 'II 2.5i CVT', 182),
(1698, 247, 'II 3.5i CVT', 249),
(1699, 247, 'III 2.5i CVT', 172),
(1700, 248, '1.6i', 102),
(1701, 248, '1.6i 4WD', 102),
(1702, 248, '2.0i', 135),
(1703, 248, '2.0i 4WD', 135),
(1704, 249, '1.5i', 109),
(1705, 249, '1.6i', 110),
(1706, 249, '1.8i', 128),
(1707, 249, '(C11) 1.5 dCi', 106),
(1708, 249, '(C11) 1.5 TD', 65),
(1709, 249, '(C11) 1.5 TD', 82),
(1710, 250, '5.6i Crew Cab 4WD', 305),
(1711, 250, '5.6i King Cab', 305),
(1712, 250, '5.6i King Cab 4WD', 305),
(1713, 250, '5.6i King Cab SWB', 317),
(1714, 250, '5.6i King Cab SWB 4WD', 317),
(1715, 251, '1.6i', 107),
(1716, 251, '1.6i', 109),
(1717, 251, '1.8i', 122),
(1718, 252, '1.5i', 109),
(1719, 252, '1.5i 4WD', 109),
(1720, 252, '1.8i', 128),
(1721, 252, '1.8i 4WD', 128),
(1722, 253, '2.0i', 150),
(1723, 253, 'I 2.0i', 140),
(1724, 253, 'I 2.5i 16V', 165),
(1725, 253, 'II 2.0i', 140),
(1726, 253, 'II 2.5i', 169),
(1727, 253, '(T30) 2.2 dCi', 114),
(1728, 253, '(T30) 2.2 dCi', 136),
(1729, 253, '(T31) 2.0 dCi-DPF', 173),
(1730, 253, '(T31) 2.0 dCi-DPF', 150),
(1731, 254, '2.4i', 145),
(1732, 254, '3.3i 4WD', 182),
(1733, 254, '3.3i 4WD', 213),
(1734, 254, '4.0i', 261),
(1735, 254, '4.0i', 265),
(1736, 254, '4.0i 4WD', 265),
(1737, 254, '4.0i 4WD', 261),
(1738, 255, '(V10) 2.2 dCi', 111),
(1739, 255, '(V10) 2.2 dCi', 136),
(1740, 256, '1.5 dCi', 86),
(1741, 257, '1.5dCi 110', 110),
(1742, 258, 'dCi 100', 99),
(1743, 258, 'dCi 120', 114),
(1744, 258, 'dCi 140', 136),
(1745, 258, 'dCi 80', 82),
(1746, 258, 'dCi 90', 90),
(1747, 259, '1.5 dCi', 65),
(1748, 259, '1.5 dCi', 82),
(1749, 260, '1.5 dCi', 86),
(1750, 261, '2.5 dCi', 133),
(1751, 262, '1.5 dCi', 86),
(1752, 263, '2.5 dCi', 171),
(1753, 263, '2.5 dCi', 174),
(1754, 263, '2.5 dCi (starting 02/2008)', 135),
(1755, 264, '1.9 dCi', 101),
(1756, 264, '2.0 dCi', 114),
(1757, 264, '2.5 dCi', 145),
(1758, 264, '2.5 dCi', 135),
(1759, 264, '2.5 dCi', 135),
(1760, 264, 'dCi 80', 82),
(1761, 265, '2.4i', 140),
(1762, 265, '2.4i', 170),
(1763, 265, '3.0i', 249),
(1764, 265, '3.2i V6 24V ECOTEC', 227),
(1765, 265, '2.0 CDTI', 126),
(1766, 265, '2.0 CDTI', 150),
(1767, 265, '2.2 CDTI', 163),
(1768, 265, '2.2 CDTi', 184),
(1769, 266, 'F 1.4i', 60),
(1770, 266, 'F 1.8i', 110),
(1771, 266, 'G 2.2i', 147),
(1772, 266, 'H 1.2i', 65),
(1773, 266, 'H 1.2i', 80),
(1774, 266, 'H 1.4i', 90),
(1775, 266, 'H 1.4i', 80),
(1776, 266, 'H 1.6i', 105),
(1777, 266, 'H 1.6i', 115),
(1778, 266, 'H 1.6i', 94),
(1779, 266, 'H 1.8i', 125),
(1780, 266, 'H 1.8i', 140),
(1781, 266, 'J 1.4i', 100),
(1782, 266, 'J 1.6i', 115),
(1783, 266, 'J 1.8i', 140),
(1784, 266, '(G) 1.7 CDTI', 80),
(1785, 266, '(H) 1.3 CDTI', 90),
(1786, 266, '(H) 1.7 CDTI', 101),
(1787, 266, '(H) 1.7 CDTI', 110),
(1788, 266, '(H) 1.7 CDTI', 125),
(1789, 266, '(H) 1.7 CDTI', 80),
(1790, 266, '(H) 1.9 CDTI', 150),
(1791, 266, '(H) 1.9 CDTI', 150),
(1792, 266, '(H) 1.9 CDTI', 120),
(1793, 266, '(H) 1.9 CDTI', 101),
(1794, 266, '(J) 1.3 CDTI', 95),
(1795, 266, '(J) 1.7 CDTI ecoFlex', 131),
(1796, 266, '(J) 1.7 CDTI ECOTEC', 110),
(1797, 266, '(J) 1.7 CDTI ECOTEC', 125),
(1798, 266, '(J) 2.0 CDTI BiTurbo', 194),
(1799, 266, '(J) 2.0 CDTI ecoFlex', 165),
(1800, 266, '(J) 2.0 CDTI ECOTEC', 160),
(1801, 266, '(H) 1.6 Turbo', 179),
(1802, 266, '(J) 1.4 Turbo ECOTEC', 120),
(1803, 266, '(J) 1.4 Turbo ECOTEC', 140),
(1804, 266, '(J) 1.6 Turbo ECOTEC', 179),
(1805, 266, '(J) 2.0 Turbo OPC', 280),
(1806, 267, 'B 1.0i 12V', 54),
(1807, 267, 'B 1.2i', 45),
(1808, 267, 'B 1.2i 16V', 65),
(1809, 267, 'B 1.4i', 60),
(1810, 267, 'B 1.4i 16V', 90),
(1811, 267, 'B 1.4si', 82),
(1812, 267, 'B 1.6i 16V', 106),
(1813, 267, 'B 1.6i 16V GSI', 109),
(1814, 267, 'C 1.0i 12V', 58),
(1815, 267, 'C 1.2i 16V', 75),
(1816, 267, 'C 1.4i 16V', 90),
(1817, 267, 'C 1.8i 16V', 125),
(1818, 267, 'D 1.0i 12V ECOTEC', 60),
(1819, 267, 'D 1.0i Ecotec', 65),
(1820, 267, 'D 1.2i 16V ECOTEC', 80),
(1821, 267, 'D 1.2i ecoFLEX', 70),
(1822, 267, 'D 1.2i ecoFLEX', 85),
(1823, 267, 'D 1.4i 16V ECOTEC', 90),
(1824, 267, 'D 1.4i ECOTEC', 100),
(1825, 267, 'D 1.4i ECOTEC', 87),
(1826, 267, '(C) 1.3 CDTI', 69),
(1827, 267, '(C) 1.7 CDTI', 101),
(1828, 267, '(D) 1.3 CDTI', 95),
(1829, 267, '(D) 1.3 CDTI', 90),
(1830, 267, '(D) 1.3 CDTI', 75),
(1831, 267, '(D) 1.7 CDTI', 125),
(1832, 267, '(D) 1.7 CDTI', 131),
(1833, 267, '(D) 1.4 Turbo ecoFLEX', 120),
(1834, 267, '(D) 1.6 Turbo GSI', 150),
(1835, 267, '(D) 1.6 Turbo OPC', 192),
(1836, 267, '(D) 1.6 Turbo OPC Nurburgring Edition', 211),
(1837, 268, '1.6i', 115),
(1838, 268, 'I 1.8i', 140),
(1839, 268, 'I 2.0i', 220),
(1840, 268, '2.0 CDTI BiTurbo', 194),
(1841, 268, '2.0 CDTI ECOTEC', 110),
(1842, 268, '2.0 CDTI ECOTEC', 131),
(1843, 268, '2.0 CDTI ECOTEC', 160),
(1844, 268, '2.0 CDTI ECOTEC', 163),
(1845, 268, '1.4 Turbo ecoFLEX', 140),
(1846, 268, '1.6 Turbo Ecotec', 179),
(1847, 268, '2.8 V6 Turbo Ecotec', 260),
(1848, 268, 'OPC 2.8 V6 Turbo Ecotec', 325),
(1849, 269, 'A 1.4i 16V', 90),
(1850, 269, 'A 1.6i', 105),
(1851, 269, 'A 1.6i', 87),
(1852, 269, 'A 1.6i 16V', 100),
(1853, 269, 'A 1.8i 16V', 125),
(1854, 269, 'B 1.4i', 100),
(1855, 269, '(A) 1.3 CDTI', 75),
(1856, 269, '(A) 1.7 CDTI', 101),
(1857, 269, '(A) 1.7 CDTI', 125),
(1858, 269, '(B) 1.3 CDTI ecoFLEX DPF', 95),
(1859, 269, '(B) 1.7 CDTI ECOTEC DPF', 131),
(1860, 269, '(B) 1.7 CDTI ECOTEC DPF', 110),
(1861, 269, '(B) 1.7 CDTI ECOTEC DPF', 101),
(1862, 269, '(A) 1.6 Ecotech', 179),
(1863, 269, '(B) 1.4 ECOTEC', 140),
(1864, 269, '(B) 1.4 ECOTECH', 120),
(1865, 270, '1.6i', 115),
(1866, 270, '1.8i', 140),
(1867, 270, '1.7 CDTI ecoFLEX', 131),
(1868, 270, '1.4 Turbo ecoFLEX', 140),
(1869, 271, '1.8i', 122),
(1870, 271, '1.8i', 140),
(1871, 271, '2.2i', 155),
(1872, 271, '3.2i', 211),
(1873, 271, '1.9 CDTI', 150),
(1874, 271, '1.9 CDTI', 120),
(1875, 271, '3.0 CDTI', 177),
(1876, 271, '3.0 CDTI', 184),
(1877, 271, '2.8 V6 Turbo Ecotec', 230),
(1878, 271, '2.8 V6 Turbo Ecotec', 250),
(1879, 272, 'B 1.6i', 75),
(1880, 272, 'B 1.6i 16V', 100),
(1881, 272, 'B 1.8i 16V', 125),
(1882, 272, 'B 1.8i 16V', 116),
(1883, 272, 'B 2.0i 16V', 136),
(1884, 272, 'B 2.2i 16V', 147),
(1885, 272, 'B 2.5i V6', 170),
(1886, 272, 'B 2.6i V6', 170),
(1887, 272, 'C 1.6i 16V', 105),
(1888, 272, 'C 1.6i 16V Ecotec', 100),
(1889, 272, 'C 1.8i 16V', 140),
(1890, 272, 'C 1.8i ECOTEC', 122),
(1891, 272, 'C 2.2i 16V DIRECT', 155),
(1892, 272, 'C 2.2i ECOTEC', 147),
(1893, 272, 'C 3.2i V6 24V', 211),
(1894, 272, '(C) 1.9 CDTI', 101),
(1895, 272, '(C) 1.9 CDTI', 120),
(1896, 272, '(C) 1.9 CDTI', 150),
(1897, 272, '(C) 3.0 V6 CDTI', 177),
(1898, 272, '(C) 3.0 V6 CDTI', 184),
(1899, 272, '(C) 2.8 V6 Turbo', 250),
(1900, 272, '(C) 2.8 V6 Turbo', 230),
(1901, 272, '(C) OPC 2.8 V6 Turbo', 280),
(1902, 273, 'A 1.6i 16V', 101),
(1903, 273, 'A 1.6i CNG', 97),
(1904, 273, 'A 1.8i 16V', 116),
(1905, 273, 'A 1.8i 16V', 125),
(1906, 273, 'A 2.2i 16V', 147),
(1907, 273, 'B 1.6i', 105),
(1908, 273, 'B 1.6i', 115),
(1909, 273, 'B 1.6i CNG', 94),
(1910, 273, 'B 1.8i', 140),
(1911, 273, 'B 2.2i', 150),
(1912, 273, '(B) 1.7 CDTI', 110),
(1913, 273, '(B) 1.7 CDTI', 125),
(1914, 273, '(B) 1.9 CDTI', 101),
(1915, 273, '(B) 1.9 CDTI', 120),
(1916, 273, '(B) 1.9 CDTI', 150),
(1917, 273, 'Tourer (C) 2.0 CDTI', 131),
(1918, 273, 'Tourer (C) 2.0 CDTI ecoFlex', 165),
(1919, 273, 'Tourer (C) 1.4 Turbo ecoFLEX', 120),
(1920, 273, 'Tourer (C) 1.4 Turbo ECOTEC', 140),
(1921, 274, '(A) 1.3 16V CDTI', 69),
(1922, 274, '(B) 1.3 CDTI', 75),
(1923, 275, '(C) 1.3 CDTI', 69),
(1924, 275, '(C) 1.3 CDTI', 75),
(1925, 275, '(C) 1.7 CDTI', 101),
(1926, 275, '(C) 1.7 CDTI', 80),
(1927, 276, '(A) 1.9 DTI', 82),
(1928, 276, '(A) 2.2 DTI', 90),
(1929, 276, '(A) 2.5 DTI', 101),
(1930, 276, '(A) 2.5 DTI', 114),
(1931, 276, '(A) 2.5 DTI', 120),
(1932, 276, '(A) 2.5 DTI', 145),
(1933, 276, '(A) 3.0 CDTI', 136),
(1934, 276, '(B) 2.3 CDTI', 101),
(1935, 276, '(B) 2.3 CDTI', 125),
(1936, 276, '(B) 2.3 CDTI', 145),
(1937, 277, '(B) 2.5 DTI', 150),
(1938, 278, '1.3 CDTI', 69),
(1939, 279, '1.9 CDTI', 101),
(1940, 279, '2.0 CDTI', 114),
(1941, 279, '2.0 CDTI', 90),
(1942, 279, '2.2 CDTI', 145),
(1943, 279, '2.5 CDTI', 145),
(1944, 279, '2.5 CDTI', 135),
(1945, 280, '1.4 Turbo', 120),
(1946, 280, '1.4 Turbo ecoFLEX', 140),
(1947, 280, '1.6 SIDI Turbo', 179),
(1948, 281, '2.0i', 149),
(1949, 281, '2.3i', 150),
(1950, 281, '2.0 Xdi', 141),
(1951, 281, 'E-XDi 200', 155),
(1952, 282, '2.3i 16V', 150),
(1953, 282, '2.0 Xdi', 141),
(1954, 282, '2.7 Xdi', 165),
(1955, 282, '2.7 Xdi', 163),
(1956, 283, 'II RX 320 AT', 220),
(1957, 283, 'RX 230', 140),
(1958, 283, 'RX 320', 220),
(1959, 283, '(I) 2.7 Xdi', 163),
(1960, 283, '(I) RX 270 XVT', 186),
(1961, 283, '(II) RX 270 XVT', 186),
(1962, 284, '2.0 e-XDi', 150),
(1963, 284, '2.0 e-XDi 200 Quartz 2WD', 175),
(1964, 285, '2.0D', 149),
(1965, 285, '2.0D', 175),
(1966, 286, '2.7 Xdi', 163),
(1967, 287, '2.7 Xdi', 165),
(1968, 288, '4.0i', 245),
(1969, 288, '4.0i', 273),
(1970, 288, '4.7i', 245),
(1971, 289, '1.8i', 136),
(1972, 289, 'II 2.0i', 158),
(1973, 290, '2.4i', 159),
(1974, 290, '2.4i', 170),
(1975, 290, '2.4i 4WD', 159),
(1976, 290, '2.4i 4WD', 170),
(1977, 290, '3.0i', 280),
(1978, 290, '3.0i', 220),
(1979, 290, '3.0i 4WD', 220),
(1980, 290, '3.0i 4WD', 280),
(1981, 290, '3.5i VVT-I', 275),
(1982, 291, '2.0i', 160),
(1983, 291, '3.0i', 220),
(1984, 292, '3.5i', 272),
(1985, 293, '1.3i 16V VVT-i', 101),
(1986, 293, '1.4i 16V VVT-i', 97),
(1987, 293, '1.6i 16V Valvematic', 132),
(1988, 293, '1.6i 16V VVT-i', 124),
(1989, 293, '1.8i', 136),
(1990, 293, '1.8i 16V Valvematic', 147),
(1991, 293, '1.4 D-4D (2007-2009)', 90),
(1992, 293, '1.4 D-4D (starting 2009)', 90),
(1993, 293, '2.0 D-4D (2007-2009)', 126),
(1994, 293, '2.0 D-4D (starting 2009)', 126),
(1995, 293, '2.2 D-4D', 177),
(1996, 294, '3.5i', 283),
(1997, 295, '1.6', 110),
(1998, 295, '1.6i', 101),
(1999, 295, '1.8i', 110),
(2000, 295, '2.0i', 128),
(2001, 295, '2.0i', 147),
(2002, 295, '2.0i 16V', 150),
(2003, 295, 'II 1.6i VVT-i', 110),
(2004, 295, 'II 1.8i VVT-i', 129),
(2005, 295, 'II 2.4i 16V', 163),
(2006, 295, 'III 1.6i', 132),
(2007, 295, 'III 1.8i', 147),
(2008, 295, 'III 2.0i', 152),
(2009, 295, 'I (T22) 2.0 D-4D', 110),
(2010, 295, 'II (T25) 2.0 D-4D', 126),
(2011, 295, 'II (T25) 2.0 D-4D', 116),
(2012, 295, 'II (T25) 2.0 D-4D', 110),
(2013, 295, 'II (T25) 2.2 D-4D', 150),
(2014, 295, 'II (T25) 2.2 D-4D', 177),
(2015, 295, 'III (T27) 2.0 D-4D', 124),
(2016, 295, 'III (T27) 2.0 D-4D', 126),
(2017, 295, 'III (T27) 2.2 D-4D', 150),
(2018, 295, 'III (T27) 2.2 D-CAT', 177),
(2019, 296, '1.3i', 92),
(2020, 296, '1.5i', 109),
(2021, 297, '1.0i', 71),
(2022, 297, '1.3i', 87),
(2023, 297, '1.3i 4WD', 87),
(2024, 298, '2.4i', 167),
(2025, 298, '2.4i 4WD', 167),
(2026, 298, '3.5i', 280),
(2027, 299, '2.5i', 200),
(2028, 299, '2.5i 4WD', 200),
(2029, 299, '3.0i', 220),
(2030, 300, '2.0i', 152),
(2031, 301, '1.3i 4WD', 90),
(2032, 302, '2.2i', 140),
(2033, 302, '2.5i V6', 200),
(2034, 302, '3.5i', 249),
(2035, 302, 'I 2.2i 16V', 137),
(2036, 302, 'I 3.0i V6 24V', 203),
(2037, 302, 'II 2.4i 16V', 159),
(2038, 302, 'II 3.3i V6', 218),
(2039, 302, 'III 2.0i', 140),
(2040, 302, 'III 2.2i (SXV10)', 136),
(2041, 302, 'III 3.0i (VCV10)', 188),
(2042, 302, 'IV 2.2i (SXV20)', 131),
(2043, 302, 'IV 3.0i 24V (MCV20)', 190),
(2044, 302, 'V 2.4i 16V', 152),
(2045, 302, 'V 3.0i V6', 186),
(2046, 302, 'VI 2.0i', 145),
(2047, 302, 'VI 2.4i 16V VVT-i', 167),
(2048, 302, 'VI 3.5i V6', 277),
(2049, 302, 'VII 2.0i', 148),
(2050, 302, 'VII 2.5i 16V', 181),
(2051, 302, 'VII 3.5i V6', 277),
(2052, 303, '1.8i 16V (AT200/ST)', 116),
(2053, 303, '1.8i 16V VT-i', 143),
(2054, 303, '1.8i GT- R', 182),
(2055, 303, '1.8i VVTL - i Sport', 192),
(2056, 303, '2.0i 16V (ST202/GT)', 175),
(2057, 303, '2.0i 16V (ST202/GT)', 175),
(2058, 303, '2.2i GT', 136),
(2059, 304, '5.0i VVT-i V12', 280),
(2060, 305, '2.5i', 180),
(2061, 306, '1.3i', 101),
(2062, 306, '1.4i', 97),
(2063, 306, '1.5i', 105),
(2064, 306, '1.5i', 110),
(2065, 306, '1.6i', 110),
(2066, 306, '1.6i', 124),
(2067, 306, '1.8i', 125),
(2068, 306, '1.8i', 132),
(2069, 306, '1.8i', 133),
(2070, 306, '1.8i', 136),
(2071, 306, '1.8i', 144),
(2072, 306, '1.8i 4WD', 125),
(2073, 306, '1.8i VVT-i', 129),
(2074, 306, 'E11 1.4i', 86),
(2075, 306, 'E11 1.6i', 110),
(2076, 306, 'E11 1.8i', 125),
(2077, 306, 'E12 1.4i 16V', 97),
(2078, 306, 'E12 1.5i', 110),
(2079, 306, 'E12 1.6i', 110),
(2080, 306, 'E12 1.8i', 131),
(2081, 306, 'XI 1.33i', 99),
(2082, 306, 'XI 1.6i', 122),
(2083, 306, 'XI 1.8i', 140),
(2084, 306, '(E11) 1.4 D', 90),
(2085, 306, '(E11) 2.2 D-4D', 136),
(2086, 306, '(E12) 1.4 D4D', 90),
(2087, 306, '(E12) 2.0 D-4D', 90),
(2088, 306, '(E12) 2.0 D-4D', 116),
(2089, 306, '(E12) 2.0 D-4D', 110),
(2090, 306, 'Verso (ZER) 2.0 D-4D', 116),
(2091, 306, 'Verso (ZER) 2.2 D-CAT', 177),
(2092, 306, 'Verso (ZER) 2.2 D4D', 136),
(2093, 307, '2.5i', 215),
(2094, 307, '2.5i', 203),
(2095, 307, '3.0i', 256),
(2096, 307, '3.5i', 315),
(2097, 307, '3.5i', 360),
(2098, 308, '1.0i', 70),
(2099, 308, '1.3i 4WD', 87),
(2100, 308, '1.5i', 108),
(2101, 308, '1.5i Coupe', 108),
(2102, 309, '2.4i', 170),
(2103, 309, '2.4i 4WD', 170),
(2104, 309, '3.5i', 280),
(2105, 309, '3.5i 4WD', 280),
(2106, 310, '1.8i', 190),
(2107, 311, '4.0i', 260),
(2108, 311, '4.0i V6 24V', 239),
(2109, 312, '2.7i', 163),
(2110, 312, '4.0i', 238),
(2111, 312, '2.5 D-4D', 102),
(2112, 312, '3.0 D-4D', 163),
(2113, 313, '2.0i', 200),
(2114, 314, '2.4i', 160),
(2115, 314, '2.4i 4WD', 160),
(2116, 314, '3.0i V6', 220),
(2117, 314, '3.0i V6 4WD', 220),
(2118, 314, '3.5i V6', 280),
(2119, 314, '3.5i V6 4WD', 280),
(2120, 315, 'Grand  3.4i', 185),
(2121, 315, '2.7i', 151),
(2122, 315, '2.5 D-4D', 102),
(2123, 315, '2.5 D-4D', 117),
(2124, 315, '2.5 D-4D', 88),
(2125, 315, '2.5 D-4D', 95),
(2126, 315, '3.0 D-4D', 109),
(2127, 316, 'I 2.4i 16V', 157),
(2128, 316, 'I 3.0i V6 24V', 223),
(2129, 316, 'I 3.3 i V6 24V', 218),
(2130, 316, 'I 3.3i V6 24V 4WD', 232),
(2131, 316, 'II 2.7i', 187),
(2132, 316, 'III 3.5i', 249),
(2133, 316, 'III 3.5i V6', 273),
(2134, 317, 'I 2.0i', 97),
(2135, 317, 'I 3.0i V6', 150),
(2136, 317, 'II 2.7i', 150),
(2137, 317, 'II 3.4i', 185),
(2138, 317, 'III 2.7i', 150),
(2139, 317, 'III 2.7i', 163),
(2140, 317, 'III 3.4i', 185),
(2141, 317, 'III 4.0i V6', 249),
(2142, 317, 'Pick up 2.0i', 110),
(2143, 317, 'Pick up 2.0i', 88),
(2144, 317, 'Pick up 2.7i', 145),
(2145, 317, 'Pick up 2.7i', 152),
(2146, 317, '(V) 2.5 D-4D', 88),
(2147, 317, '(V) 2.5 D-4D', 102),
(2148, 317, '(V) 3.0 D-4D', 163),
(2149, 317, '(VI) 2.5 D-4D', 120),
(2150, 317, '(VI) 2.5 D-4D', 144),
(2151, 317, '(VI) 3.0 D-4D', 171),
(2152, 318, '2.4i', 160),
(2153, 319, '1.8i', 144),
(2154, 319, '1.8i', 132),
(2155, 319, '1.8i 4WD', 132),
(2156, 319, '1.8i 4WD', 132),
(2157, 319, '2.0i', 155),
(2158, 319, '2.0i', 158),
(2159, 319, '2.0i 4WD', 155),
(2160, 320, '1.3i', 87),
(2161, 320, '1.5i', 109),
(2162, 320, '1.5i', 109),
(2163, 320, '1.5i 4WD', 103),
(2164, 320, '1.5i 4WD', 105),
(2165, 320, '1.8i', 132),
(2166, 321, 'V 2.4i', 160),
(2167, 321, 'V 2.4i 4WD', 160),
(2168, 321, 'V 3.0i', 220),
(2169, 321, 'V 3.0i 4WD', 220),
(2170, 321, 'V 3.3i', 230),
(2171, 321, 'V 3.3i 4WD', 230),
(2172, 321, 'V 3.5i', 273),
(2173, 321, 'V 3.5i 4WD', 273),
(2174, 322, '100 4.2 TD', 204),
(2175, 322, '100 4.2d MT', 131),
(2176, 322, '100 4.7i', 235),
(2177, 322, '200 4.0i V6', 243),
(2178, 322, '200 4.6i', 309),
(2179, 322, '200 4.6i V8', 318),
(2180, 322, '200 4.7i V8', 288),
(2181, 322, '200 5.7i V8', 381),
(2182, 322, '(J12/J15) 3.0 D-4D', 163),
(2183, 322, '(J12/J15) 3.0 D-4D', 166),
(2184, 322, '(J12/J15) 3.0 D-4D', 173),
(2185, 322, '(J12/J15) 3.0 D-4D', 190),
(2186, 322, '(J20) 4.5 V8 D-4D', 205),
(2187, 322, '(J20) 4.5 V8 D-4D', 235),
(2188, 322, '(J20) 4.5 V8 D-4D', 272),
(2189, 322, '(J20) 4.5 V8 D-4D', 286),
(2190, 323, '120 2.7i', 150),
(2191, 323, '120 2.7i', 163),
(2192, 323, '120 3.0d MT', 95),
(2193, 323, '120 3.4i V6', 185),
(2194, 323, '120 4.0i V6', 249),
(2195, 323, '150 2.7i', 163),
(2196, 323, '150 4.0i V6', 282),
(2197, 323, '150 4.0i V6', 276),
(2198, 323, '3.0 D-4D', 173),
(2199, 323, '3.0 D-4D', 163),
(2200, 324, 'II (1JZ-GE) 2', 200),
(2201, 324, 'II (JZX110) 2', 160),
(2202, 325, '1.8i', 183),
(2203, 325, 'I 1.8i 16V', 132),
(2204, 325, 'I 1.8i 16V AWD', 124),
(2205, 325, 'II 1.8i', 132),
(2206, 325, 'II 2.4i', 144),
(2207, 326, '1.8i', 140),
(2208, 327, '2.0i', 158),
(2209, 327, '2.0i', 155),
(2210, 327, '2.0i', 143),
(2211, 327, '2.0i 4WD', 143),
(2212, 327, '2.0i 4WD', 152),
(2213, 327, '2.0i 4WD', 155),
(2214, 327, '2.0i 4WD', 158),
(2215, 328, '1.8i 16V', 132),
(2216, 328, '1.8i 16V', 136),
(2217, 328, '1.8i 4WD', 125),
(2218, 328, '2.0i 16V', 152),
(2219, 329, '2.0i', 147),
(2220, 330, '1.3i', 87),
(2221, 330, '1.5i', 105),
(2222, 330, '1.5i 4WD', 105),
(2223, 331, '1.5i', 110),
(2224, 331, '1.5i 16V', 109),
(2225, 331, '1.8i', 136),
(2226, 331, '1.8i 16V', 132),
(2227, 331, '1.8i 16V 4WD', 125),
(2228, 331, '2.0i', 158),
(2229, 331, '2.0i 16V', 152),
(2230, 331, '2.0i 16V 4WD', 125),
(2231, 332, '2.4i', 132),
(2232, 332, '2.4i 16V', 156),
(2233, 332, '3.0i V6 24V', 220),
(2234, 332, '2.0 D-4D', 116),
(2235, 332, '3.0 D-4D', 173),
(2236, 333, '1.3i', 87),
(2237, 333, '1.5i', 109),
(2238, 333, '1.5i 4WD', 105),
(2239, 334, '2.5i', 200),
(2240, 334, '2.5i 4WD', 200),
(2241, 334, '3.0i', 220),
(2242, 334, '3.0i 4WD', 220),
(2243, 335, '1.3i', 87),
(2244, 335, '1.3i', 95),
(2245, 335, '1.5i', 109),
(2246, 335, '1.5i', 110),
(2247, 335, '1.5i 4WD', 105),
(2248, 335, '1.5i 4WD', 103),
(2249, 336, '1.5i', 105),
(2250, 336, '1.5i', 109),
(2251, 336, '1.5i', 109),
(2252, 337, 'I 2.0i 16V', 129),
(2253, 337, 'II 1.8i VVTi', 125),
(2254, 337, 'II 2.0i', 150),
(2255, 337, 'II 2.0i 16V', 150),
(2256, 337, 'II 2.4i', 167),
(2257, 337, 'III 2.0i', 148),
(2258, 337, 'III 2.0i 16V', 158),
(2259, 337, 'III 2.0i 16V', 152),
(2260, 337, 'III 2.4i 16V VVT-i', 170),
(2261, 337, 'III 2.5i 16V', 170),
(2262, 337, 'III 3.5i V6', 269),
(2263, 337, 'IV 2.0i', 145),
(2264, 337, 'IV 2.5i', 179),
(2265, 337, 'RAV 4 (II) 2.0 D-4D', 116),
(2266, 337, 'RAV 4 (II) 2.2 D-4D', 136),
(2267, 337, 'RAV 4 (III) 2.2 D-4D', 150),
(2268, 337, 'RAV 4 (III) 2.2 D-CAT', 177),
(2269, 337, 'RAV 4 (IV) 2.2 D-CAT', 124),
(2270, 337, 'RAV 4 (IV) 2.2 D-CAT', 150),
(2271, 338, 'Ace 2.0i', 133),
(2272, 338, 'Ace 2.7i 4WD', 150),
(2273, 339, '2.5i', 194),
(2274, 340, '1.5i', 109),
(2275, 340, '1.5i 4WD', 109),
(2276, 341, 'I 4.7i V8 32V', 243),
(2277, 341, 'I 5.7i V8 32V', 381),
(2278, 341, 'II 4.7i V8', 273),
(2279, 341, 'II 5.7i V8', 381),
(2280, 342, '3.3i', 215),
(2281, 342, '3.3i 24V', 233),
(2282, 342, '3.3i 4WD', 233),
(2283, 343, '1.5i', 110),
(2284, 343, '1.5i 4WD', 105),
(2285, 344, '1.3i', 87),
(2286, 344, '1.5i', 109),
(2287, 344, '1.5i 4WD', 105),
(2288, 345, '2.4i Regular Cab', 142),
(2289, 345, '2.4i Xtracab', 142),
(2290, 345, '2.7i PreRunner Double Cab', 150),
(2291, 345, '2.7i PreRunner Regular Cab', 150),
(2292, 345, '2.7i PreRunner Xtracab', 150),
(2293, 345, '2.7i Regular Cab 4WD', 150),
(2294, 345, '2.7i Xtracab 4WD', 150),
(2295, 345, '3.4i Double Cab 4WD', 190),
(2296, 345, '3.4i PreRunner Double Cab', 190),
(2297, 345, '3.4i PreRunner Xtracab', 190),
(2298, 345, '3.4i S-Runner', 190),
(2299, 345, '3.4i Xtracab 4WD', 190),
(2300, 345, 'Access Cab 2.7i', 159),
(2301, 345, 'Access Cab 2.7i 4WD', 159),
(2302, 345, 'Access Cab 4.0i 4WD', 236),
(2303, 345, 'Double Cab 2.7i', 159),
(2304, 345, 'Double Cab 4.0i 4WD', 236),
(2305, 345, 'Long Bed Double Cab 4.0i 4WD', 236),
(2306, 345, 'PreRunner Access Cab 2.7i', 159),
(2307, 345, 'PreRunner Access Cab 4.0i', 236),
(2308, 345, 'PreRunner Double Cab 2.7i', 159),
(2309, 345, 'PreRunner Double Cab 4.0i', 236),
(2310, 345, 'PreRunner Long Bed Double Cab 4.0i', 236),
(2311, 345, 'Regular Cab 2.7i', 159),
(2312, 345, 'Regular Cab 2.7i 4WD', 159),
(2313, 345, 'X-Runner 4.0i', 236),
(2314, 346, 'I 3.4i V6', 190),
(2315, 346, 'I 4.0i', 236),
(2316, 346, 'I 4.7i V8', 245),
(2317, 346, 'I 4.7i V8', 271),
(2318, 346, 'I 4.7i V8', 282),
(2319, 346, 'II 4.0i V6', 236),
(2320, 346, 'II 4.6i V8', 310),
(2321, 346, 'II 4.7i', 276),
(2322, 346, 'II 5.7i V8', 381),
(2323, 347, '2.4i 4WD', 170),
(2324, 347, '3.5i 4WD', 280),
(2325, 348, '2.4i', 224),
(2326, 348, '2.4i 4WD', 224),
(2327, 348, '3.5i', 280),
(2328, 348, '3.5i 4WD', 280),
(2329, 349, '2.7i', 182),
(2330, 349, '2.7i', 182),
(2331, 349, '2.7i', 185),
(2332, 349, '3.5i', 268),
(2333, 350, '2.0i', 160),
(2334, 350, '2.0i 4WD', 160),
(2335, 350, '2.5i', 200),
(2336, 351, '1.6i', 132),
(2337, 351, '1.8i', 147),
(2338, 351, '-S 1.33i VVT-I', 99),
(2339, 351, '2.0 D-4D', 126),
(2340, 351, '2.2 D-4D', 150),
(2341, 351, '2.2 D-CAT', 177),
(2342, 352, '1.0i', 71),
(2343, 352, '1.3i', 87),
(2344, 352, '1.5i', 109),
(2345, 352, '1.5i', 92),
(2346, 353, '1.8i', 136),
(2347, 353, '1.8i 16V VT-i', 136),
(2348, 354, '2.0i', 140),
(2349, 355, 'Cypha 1.3i', 87),
(2350, 355, 'Cypha 1.5i 4WD', 105),
(2351, 355, 'VS 1.5i', 110),
(2352, 355, 'VS 1.8i', 136),
(2353, 355, 'VS 1.8i', 190),
(2354, 355, 'VS 1.8i 4WD', 125),
(2355, 356, '1.8i', 132),
(2356, 356, '1.8i', 144),
(2357, 357, 'P1 1.0i 16V', 68),
(2358, 357, 'P1 1.3i 16V', 86),
(2359, 357, 'P1 1.5i 16V', 106),
(2360, 357, 'P2 1.0i VVT-i', 69),
(2361, 357, 'P2 1.3i 16V', 86),
(2362, 357, 'P2 1.3i VVT-i', 87),
(2363, 357, 'P2 1.5i', 106),
(2364, 357, 'P3 1.3i VVT-i', 101),
(2365, 357, 'I (P1) 1.4 D-4D', 75),
(2366, 357, 'II (XP9) 1.4 D-4D', 90),
(2367, 357, 'III (XP13) 1.4 D-4D', 90),
(2368, 358, '1.4 D-4D', 54),
(2369, 359, '3.0 D-4D', 173),
(2370, 360, '100 2.5 D-4D', 88),
(2371, 360, '150 2.5 D-4D', 102),
(2372, 361, '2.5 D-4D', 102),
(2373, 362, '1.4 D-4D', 90),
(2374, 363, '2.5 D-4D', 120),
(2375, 364, '1.4 D-4D', 90),
(2376, 365, '1.4i', 75),
(2377, 365, '1.6i', 102),
(2378, 365, '2.0i', 115),
(2379, 365, '2.3i V5', 170),
(2380, 365, '2.5 FSI', 150),
(2381, 365, '1.6 TDI', 105),
(2382, 365, '2.0 TDI', 140),
(2383, 365, '1.2 TSI', 105),
(2384, 365, '1.4 TSI', 160),
(2385, 365, '2.0 TSI', 200),
(2386, 366, '1.4i', 75),
(2387, 366, '1.4i', 80),
(2388, 366, '1.6 FSI', 115),
(2389, 366, '1.6i', 101),
(2390, 366, '1.6i', 102),
(2391, 366, '1.6i', 105),
(2392, 366, '1.8i', 125),
(2393, 366, '2.0i', 115),
(2394, 366, '2.3i V5', 170),
(2395, 366, '2.8i V6', 204),
(2396, 366, '/Bora', 150),
(2397, 366, 'V (1K) 2.0 TDI (starting 02/2008)', 140),
(2398, 366, 'VI (1k) 1.6 TDI', 105),
(2399, 366, 'VI (1k) 1.6 TDI', 90),
(2400, 366, 'VI (1k) 1.6 TDI BlueMotion', 105),
(2401, 366, 'VI (1k) 2.0 TDI', 110),
(2402, 366, 'VI (1k) 2.0 TDI', 140),
(2403, 366, 'VI (1k) GTD', 170),
(2404, 366, 'VII 1.6 TDI', 105),
(2405, 366, 'VII 2.0 TDI', 150),
(2406, 366, 'V (1K) 1.4 TSI', 122),
(2407, 366, 'V (1K) 1.4 TSI', 140),
(2408, 366, 'V (1K) 1.4 TSI', 160),
(2409, 366, 'V (1K) 1.4 TSI', 170),
(2410, 366, 'V (1K) GTI', 200),
(2411, 366, 'V (1K) GTI Edition 30', 230),
(2412, 366, 'VI (1k) 1.2 TSI BlueMotion Technology', 105),
(2413, 366, 'VI (1k) 1.4 TSI', 160),
(2414, 366, 'VI (1k) 1.8 TSI', 160),
(2415, 366, 'VI (1k) GTI', 211),
(2416, 366, 'VI (1k) GTI Edition 35', 235),
(2417, 366, 'VI (1k) R', 271),
(2418, 366, 'VII (AU) 1.4 TGI', 110),
(2419, 367, '1.4i', 75),
(2420, 367, '1.4i', 80),
(2421, 367, '1.6i', 101),
(2422, 367, '1.6i', 102),
(2423, 367, '1.6i', 105),
(2424, 367, '1.8i', 125),
(2425, 367, '2.0 FSI', 150),
(2426, 367, '2.0i', 115),
(2427, 367, '2.3i V5', 170),
(2428, 367, '2.8i V6', 204),
(2429, 367, 'FSI', 115),
(2430, 367, 'V 2.5i', 150),
(2431, 367, 'Jetta V (1K5) 1.6 TDI', 105),
(2432, 367, 'Jetta V (1K5) 2.0 TDI', 140),
(2433, 367, 'Jetta V (1K5) 2.0 TDI', 170),
(2434, 367, 'Jetta VI 1.6 TDI', 105),
(2435, 367, 'Jetta VI 2.0 TDI', 140),
(2436, 367, 'Jetta V (1K5) 1.4 TSI', 122),
(2437, 367, 'Jetta V (1K5) 1.4 TSI', 140),
(2438, 367, 'Jetta V (1K5) 1.4 TSI', 160),
(2439, 367, 'Jetta V (1K5) 1.4 TSI', 170),
(2440, 367, 'Jetta V (1K5) 2.0 TSI', 200),
(2441, 367, 'Jetta VI 1.2 TSI', 105),
(2442, 367, 'Jetta VI 1.2 TSI BlueMotion Technology', 105),
(2443, 367, 'Jetta VI 1.4 TSI', 122),
(2444, 367, 'Jetta VI 1.4 TSI', 160),
(2445, 367, 'Jetta VI 2.0 TSI', 200),
(2446, 368, '3.2i V6', 235),
(2447, 369, '(B5) 4.0i', 275),
(2448, 369, '1.6i', 102),
(2449, 369, '1.8i', 125),
(2450, 369, '2.0 FSI', 150),
(2451, 369, '2.0i', 115),
(2452, 369, '2.0i', 130),
(2453, 369, '2.3i V5', 150),
(2454, 369, '2.8i V6', 193),
(2455, 369, '3.2 FSI V6', 250),
(2456, 369, '3.6 FSI V6', 280),
(2457, 369, 'B6 (3C) 1.6 TDI', 105),
(2458, 369, 'B6 (3C) 1.6 TDI BlueMotion', 105),
(2459, 369, 'B6 (3C) 2.0 TDI', 110),
(2460, 369, 'B6 (3C) 2.0 TDI (starting 06/2008)', 140),
(2461, 369, 'B6 (3C) 2.0 TDI (starting 06/2008)', 170),
(2462, 369, 'B6 (3C) 2.0 TDI BlueMotion', 110),
(2463, 369, 'B6 (3C) 2.0 TDI BlueMotion', 143),
(2464, 369, 'B7 (3C) 1.6 TDI', 105),
(2465, 369, 'B7 (3C) 2.0 TDI', 140),
(2466, 369, 'B7 (3C) 2.0 TDI', 170),
(2467, 369, 'B6 (3C) 1.4 TSI', 122),
(2468, 369, 'B6 (3C) 1.8 TSI', 152),
(2469, 369, 'B6 (3C) 1.8 TSI', 160),
(2470, 369, 'B6 (3C) 2.0 TSI', 200),
(2471, 369, 'B7 (3C) 1.4 TSI', 122),
(2472, 369, 'B7 (3C) 1.4 TSI EcoFuel', 150),
(2473, 369, 'B7 (3C) 1.8 TSI', 152),
(2474, 369, 'B7 (3C) 1.8 TSI', 160),
(2475, 369, 'B7 (3C) 2.0 TSI', 211),
(2476, 370, '3.6 TSI V6 4Motion', 300),
(2477, 370, '(3C) 2.0 BlueTDI (starting 2009)', 143),
(2478, 370, '(3C) 2.0 TDI (starting 02/2008)', 140),
(2479, 370, '(3C) 2.0 TDI (starting 02/2008)', 170),
(2480, 370, '(3C) 2.0 TDI (starting 06/2008)', 110),
(2481, 370, '(3C) 2.0 TDI (starting 10/2012)', 177),
(2482, 370, '(3C) 2.0 TDI BlueMotion', 140),
(2483, 370, '(3C) 1.8 TSI', 152),
(2484, 370, '(3C) 1.8 TSI', 160),
(2485, 370, '(3C) 2.0 TSI', 211),
(2486, 370, '(3C) 2.0 TSI', 200),
(2487, 371, '3.2i', 241),
(2488, 371, '3.6i', 280),
(2489, 371, '4.2i', 335),
(2490, 371, '6.0i', 450),
(2491, 371, '3.0 TDI', 239),
(2492, 371, '3.0 TDI', 232),
(2493, 371, '3.0 TDI', 224),
(2494, 372, '1.0i', 67),
(2495, 372, '1.8i', 100),
(2496, 373, 'III 1.0i', 45),
(2497, 373, 'III 1.0i', 50),
(2498, 373, 'III 1.2i', 54),
(2499, 373, 'III 1.3i', 55),
(2500, 373, 'III 1.4i', 100),
(2501, 373, 'III 1.4i', 54),
(2502, 373, 'III 1.4i', 60),
(2503, 373, 'III 1.4i', 75),
(2504, 373, 'III 1.6i', 100),
(2505, 373, 'III 1.6i', 101),
(2506, 373, 'III 1.6i', 75),
(2507, 373, 'III 1.6i GTI', 120),
(2508, 373, 'III 1.6i GTI', 125),
(2509, 373, 'III 1.8i', 99),
(2510, 373, 'III 1.8i', 90),
(2511, 373, 'III 2.0i', 116),
(2512, 373, 'IV 1.2i', 54),
(2513, 373, 'IV 1.2i', 64),
(2514, 373, 'IV 1.2i', 70),
(2515, 373, 'IV 1.4 FSI', 86),
(2516, 373, 'IV 1.4i', 101),
(2517, 373, 'IV 1.4i', 75),
(2518, 373, 'IV 1.4i', 80),
(2519, 373, 'IV 1.6i', 105),
(2520, 373, 'Sedan V 1.6i', 105),
(2521, 373, 'V 1.2i', 70),
(2522, 373, 'V 1.2i', 60),
(2523, 373, 'V 1.4i', 85),
(2524, 373, 'V (6R) 1.2 TDI', 75),
(2525, 373, 'V (6R) 1.2 TDI BlueMotion', 75),
(2526, 373, 'V (6R) 1.6 TDI', 105),
(2527, 373, 'V (6R) 1.6 TDI', 75),
(2528, 373, 'V (6R) 1.6 TDI', 90),
(2529, 373, 'V (6R) 1.6 TDI BlueMotion', 90),
(2530, 373, 'V (6R) 1.6 TDI CR BlueMotion', 90),
(2531, 373, 'V (6R) 1.2 TSI', 105),
(2532, 373, 'V (6R) 1.2 TSI', 90),
(2533, 373, 'V (6R) 1.4 TSI Blue GT', 140),
(2534, 373, 'V (6R) GTI', 179),
(2535, 373, 'V (6R) R WRC', 220),
(2536, 374, '3.2i V6', 220),
(2537, 374, '3.2i V6', 241),
(2538, 374, '3.6i FSI', 280),
(2539, 374, '4.2i', 310),
(2540, 374, '4.2i V8', 350),
(2541, 374, '6.0i W12', 450),
(2542, 374, 'II 3.6 FSI', 249),
(2543, 374, 'I (7L) 3.0 V6 TDI', 224),
(2544, 374, 'I (7L) 3.0 V6 TDI', 239),
(2545, 374, 'I (7L) 3.0 V6 TDI (aut.)', 239),
(2546, 374, 'II (C2) 3.0 TDI', 204),
(2547, 374, 'II (C2) 3.0 TDI (US Spec)', 228),
(2548, 374, 'II (C2) 3.0 V6 TDI', 245),
(2549, 374, 'II (C2) 4.2 V8 TDI', 340),
(2550, 374, 'II (C2) 3.0 V6 TSI Hybrid', 333),
(2551, 375, '2.0 FSI', 150),
(2552, 375, '(1T) 1.6 TDI', 105),
(2553, 375, '(1T) 1.6 TDI', 90),
(2554, 375, '(1T) 1.6 TDI BlueMotion', 105),
(2555, 375, '(1T) 2.0 TDI', 110),
(2556, 375, '(1T) 2.0 TDI (starting 05/2010)', 140),
(2557, 375, '(1T) 2.0 TDI (starting 05/2010)', 170),
(2558, 375, '(1T) 1.2 TSI', 105),
(2559, 375, '(1T) 1.4 TSI', 140),
(2560, 375, '(1T) 1.4 TSI', 170),
(2561, 375, '(1T) Cross 1.4 TSI', 140),
(2562, 376, '2.0 BiTDI', 179),
(2563, 376, '2.0 BiTDI', 163),
(2564, 376, '2.0 TDI', 122),
(2565, 376, '2.0 TDI', 140),
(2566, 376, '2.0 TSI', 160),
(2567, 377, 'T5  2.0 BiTDI', 179),
(2568, 377, 'T5  2.0 TDI', 102),
(2569, 377, 'T5  2.0 TDI', 114),
(2570, 377, 'T5  2.0 TDI', 140),
(2571, 377, 'T5  2.0 TDI', 84),
(2572, 378, 'III (2K) 1.6 TDI', 102),
(2573, 378, 'III (2K) 1.6 TDI', 75),
(2574, 378, 'III (2K) 1.6 TDI BlueMotion', 102),
(2575, 378, 'III (2K) 1.6 TDI BlueMotion', 75),
(2576, 378, 'III (2K) 2.0 TDI', 140),
(2577, 378, 'III (2K) 2.0 TDI', 110),
(2578, 378, 'III (2K) 2.0 TDI BlueMotion', 110),
(2579, 378, 'III (2K) 2.0 TDI BlueMotion', 140),
(2580, 378, 'III (2K) 1.2 TSI', 105),
(2581, 378, 'III (2K) 1.2 TSI', 86),
(2582, 379, '2.0 BiTDI', 143),
(2583, 379, '2.0 BiTDI', 163),
(2584, 379, '2.0 TDI', 109),
(2585, 379, '2.0 TDI', 136),
(2586, 379, '2.5 TDI', 109),
(2587, 379, '2.5 TDI', 136),
(2588, 379, '2.5 TDI', 163),
(2589, 380, '(1F) 2.0 TDI (starting 06/2008)', 140),
(2590, 380, '(1F) 1.4 TSI', 160),
(2591, 380, '(1F) 1.4 TSI', 122),
(2592, 380, '(1F) 2.0 TSI', 200),
(2593, 380, '(1F) 2.0 TSI', 211),
(2594, 381, '(II) 2.8 TDI', 158),
(2595, 382, 'III (Typ 13) 2.0 TDI', 140),
(2596, 382, 'III (Typ 13) 2.0 TDI', 170),
(2597, 382, 'III (Typ 13) 1.4 TSI', 122),
(2598, 382, 'III (Typ 13) 1.4 TSI', 160),
(2599, 382, 'III (Typ 13) 2.0 TSI', 200),
(2600, 382, 'III (Typ 13) 2.0 TSI', 211),
(2601, 382, 'III (Typ 13) R', 265),
(2602, 383, 'II 2.0 TDI', 116),
(2603, 383, 'II 2.0 TDI', 140),
(2604, 383, 'II 2.0 TDI', 170),
(2605, 383, 'II 1.4 TSI', 150),
(2606, 383, 'II 2.0 TSI', 200),
(2607, 384, '2.0 TDI', 177),
(2608, 384, '2.0 TDI', 170),
(2609, 384, '2.0 TDI', 140),
(2610, 384, '2.0 TDI BlueMotion', 110),
(2611, 384, '1.4 TSI', 160),
(2612, 384, '1.4 TSI', 150),
(2613, 384, '1.4 TSI', 122),
(2614, 384, '2.0 TSI', 170),
(2615, 384, '2.0 TSI', 179),
(2616, 384, '2.0 TSI', 200),
(2617, 384, '2.0 TSI', 211),
(2618, 384, '2.0 TSI', 231);

-- --------------------------------------------------------

--
-- Структура таблицы `mark`
--

CREATE TABLE IF NOT EXISTS `mark` (
  `id` int(10) unsigned NOT NULL AUTO_INCREMENT,
  `name` varchar(255) NOT NULL,
  `car` varchar(1024) DEFAULT NULL,
  `logo` varchar(1024) DEFAULT NULL,
  PRIMARY KEY (`id`)
) ENGINE=InnoDB  DEFAULT CHARSET=utf8 AUTO_INCREMENT=15 ;

--
-- Дамп данных таблицы `mark`
--

INSERT INTO `mark` (`id`, `name`, `car`, `logo`) VALUES
(1, 'Alfa Romeo', 'upload/images/p19lrh6u20r7c19dh1v3i67v1f851s.png', 'upload/images/p19lrh7ks47sl16fk1ps71lm91hjt2b.png'),
(2, 'Chevrolet', 'upload/images/p19lrh6mse10es22r176jnb4190s1n.png', 'upload/images/p19lrh7f3tutq11k9pn71j5jpp26.png'),
(3, 'Ford', 'upload/images/p19lsbv0r53591b2i1g94iqe1p56m.png', 'upload/images/p19lsbv7oc36qbhhgkn1ssm1pjr.png'),
(4, 'Great Wall', '', 'upload/images/p19m3vm7pugrk1jhp12rq10p7scf4.png'),
(5, 'Hyundai', 'upload/images/p19lrh5p9p19vi10pa1i0ksm1s1b17.png', 'upload/images/p19m3vmggf195vj3v1hf51erh19nu9.png'),
(6, 'KIA', 'upload/images/p19lrh5gmb1cea1m11ms41r4rr1l12.png', 'upload/images/p19m3vmnfv17h8qa31e2cn0b1gbde.png'),
(7, 'Mazda', 'upload/images/p19lrh58ag1qah1p1n182016i9rbkt.png', 'upload/images/p19m3vmtvsoe42he3la1iuo1sa6j.png'),
(8, 'Mercedes', 'upload/images/p19lrh4v0nncs1sq3e7o13bs2b2o.png', 'upload/images/p19m3vn6nl1utmsiv1ak0ojn20ao.png'),
(9, 'Mitsubishi', 'upload/images/p19lrh4igi8lltid1r516h79usj.png', 'upload/images/p19m3vnda6ds04tp7m313pm170nt.png'),
(10, 'Nissan', 'upload/images/p19lrh47mb5mh2r61k0q1k5rkg8e.png', 'upload/images/p19m3vnl08r5c1h4r1uju14l7e8p12.png'),
(11, 'Opel', '', 'upload/images/p19m3vnr7oj9p1ssi5l1fetnb417.png'),
(12, 'SsangYong', 'upload/images/p19lsbuotf1j7v6gtnmr1sdm5qh.png', 'upload/images/p19m3vo1tfbg10qh14pilg91n6a1c.png'),
(13, 'Toyota', '', 'upload/images/p19m3vo98p1g6pva6ssgaim6pd1h.png'),
(14, 'Volkswagen', 'upload/images/p19lrh3d6o193g1j5p991rfg8uv4.png', 'upload/images/p19m3vofa7p7v164cdiv106a18e11m.png');

-- --------------------------------------------------------

--
-- Структура таблицы `model`
--

CREATE TABLE IF NOT EXISTS `model` (
  `id` int(10) unsigned NOT NULL AUTO_INCREMENT,
  `mark_id` int(10) unsigned DEFAULT NULL,
  `name` varchar(255) DEFAULT NULL,
  PRIMARY KEY (`id`)
) ENGINE=InnoDB  DEFAULT CHARSET=utf8 AUTO_INCREMENT=391 ;

--
-- Дамп данных таблицы `model`
--

INSERT INTO `model` (`id`, `mark_id`, `name`) VALUES
(1, 1, '156'),
(2, 1, '159'),
(3, 1, '145'),
(4, 1, '146'),
(5, 1, '147'),
(6, 1, '164'),
(7, 1, '166'),
(8, 1, 'Brera'),
(9, 1, 'Giulietta'),
(10, 1, 'GT'),
(11, 1, 'MiTo'),
(12, 1, 'Spider'),
(13, 2, 'Avalanche'),
(14, 2, 'Aveo'),
(15, 2, 'Blazer'),
(16, 2, 'Camaro'),
(17, 2, 'Captiva'),
(18, 2, 'Cavalier'),
(19, 2, 'Cobalt'),
(20, 2, 'Colorado'),
(21, 2, 'Corvette'),
(22, 2, 'Cruze'),
(23, 2, 'Epica'),
(24, 2, 'Equinox'),
(25, 2, 'Evanda'),
(26, 2, 'Express'),
(27, 2, 'HHR'),
(28, 2, 'Impala'),
(29, 2, 'Lacetti'),
(30, 2, 'Lanos'),
(31, 2, 'Lumina'),
(32, 2, 'Malibu'),
(33, 2, 'Nubira'),
(34, 2, 'Optra'),
(35, 2, 'Orlando'),
(36, 2, 'Spark'),
(37, 2, 'SSR'),
(38, 2, 'Suburban'),
(39, 2, 'Tahoe'),
(40, 2, 'Trailblazer'),
(41, 2, 'S10'),
(42, 2, 'Silverado'),
(43, 2, 'Trax'),
(44, 3, 'C-Max'),
(45, 3, 'Cougar'),
(46, 3, 'Edge'),
(47, 3, 'Escape'),
(48, 3, 'Expedition'),
(49, 3, 'Explorer'),
(50, 3, 'F-150'),
(51, 3, 'F-250'),
(52, 3, 'Fiesta'),
(53, 3, 'Focus'),
(54, 3, 'Fusion'),
(55, 3, 'Galaxy'),
(56, 3, 'Kuga'),
(57, 3, 'Maverick'),
(58, 3, 'Mondeo'),
(59, 3, 'Mustang'),
(60, 3, 'S-Max'),
(61, 3, 'Transit'),
(62, 3, 'B-Max'),
(63, 3, 'Endeavour'),
(64, 3, 'Everest'),
(65, 3, 'F Series'),
(66, 3, 'Figo'),
(67, 3, 'KA'),
(68, 3, 'Ranger'),
(69, 3, 'Tourneo'),
(70, 3, 'Transit Connect'),
(71, 4, 'Hover H2'),
(72, 4, 'Hover H3'),
(73, 4, 'Hover H5'),
(74, 4, 'Hover H6'),
(75, 4, 'Safe'),
(76, 4, 'Wingle'),
(77, 4, 'Haval'),
(78, 5, 'Accent'),
(79, 5, 'Avante'),
(80, 5, 'Elantra'),
(81, 5, 'Equus'),
(82, 5, 'Genesis'),
(83, 5, 'Getz'),
(84, 5, 'Grandeur'),
(85, 5, 'H-1'),
(86, 5, 'i20'),
(87, 5, 'i30'),
(88, 5, 'i40'),
(89, 5, 'ix35'),
(90, 5, 'IX55/ Veracruz'),
(91, 5, 'Matrix'),
(92, 5, 'Santa Fe'),
(93, 5, 'Solaris'),
(94, 5, 'Sonata'),
(95, 5, 'Terracan'),
(96, 5, 'Tiburon'),
(97, 5, 'Trajet'),
(98, 5, 'Tucson'),
(99, 5, 'Veloster'),
(100, 5, 'Verna'),
(101, 5, 'Grand Starex'),
(102, 5, 'H-100'),
(103, 5, 'H-200'),
(104, 5, 'i10'),
(105, 5, 'ix20'),
(106, 5, 'Porter'),
(107, 5, 'Sonica'),
(108, 5, 'Starex'),
(109, 6, 'Carens'),
(110, 6, 'Carnival'),
(111, 6, 'Ceed'),
(112, 6, 'Cerato'),
(113, 6, 'Forte'),
(114, 6, 'Magentis'),
(115, 6, 'Mohave/Borrego'),
(116, 6, 'Opirus'),
(117, 6, 'Optima'),
(118, 6, 'Picanto'),
(119, 6, 'Quoris'),
(120, 6, 'Rio'),
(121, 6, 'Sorento'),
(122, 6, 'Soul'),
(123, 6, 'Spectra'),
(124, 6, 'Sportage'),
(125, 7, '2'),
(126, 7, '3'),
(127, 7, '323'),
(128, 7, '5'),
(129, 7, '6'),
(130, 7, 'Atenza'),
(131, 7, 'Axela'),
(132, 7, 'AZ'),
(133, 7, 'B'),
(134, 7, 'Carol'),
(135, 7, 'CX-5'),
(136, 7, 'CX-7'),
(137, 7, 'CX-9'),
(138, 7, 'Demio'),
(139, 7, 'Familia'),
(140, 7, 'MX5'),
(141, 7, 'Premacy'),
(142, 7, 'RX-8'),
(143, 7, 'Scrum'),
(144, 7, 'Tribute'),
(145, 7, 'Verisa'),
(146, 7, 'BT-50'),
(147, 7, 'MPV'),
(148, 8, 'A'),
(149, 8, 'B'),
(150, 8, 'C'),
(151, 8, 'CL'),
(152, 8, 'CLC'),
(153, 8, 'CLK'),
(154, 8, 'CLS'),
(155, 8, 'E'),
(156, 8, 'G'),
(157, 8, 'GL'),
(158, 8, 'GLK'),
(159, 8, 'M'),
(160, 8, 'ML'),
(161, 8, 'R'),
(162, 8, 'S'),
(163, 8, 'SL'),
(164, 8, 'SLK'),
(165, 8, 'V'),
(166, 8, 'Vaneo'),
(167, 8, 'Viano'),
(168, 8, 'Citan'),
(169, 8, 'Sprinter'),
(170, 8, 'Vito'),
(171, 8, 'CLA'),
(172, 8, 'GLA'),
(173, 9, '380'),
(174, 9, 'ASX'),
(175, 9, 'Colt'),
(176, 9, 'Delica'),
(177, 9, 'Dion'),
(178, 9, 'Eclipse'),
(179, 9, 'eK-Sport'),
(180, 9, 'eK-Wagon'),
(181, 9, 'Endeavor'),
(182, 9, 'Galant'),
(183, 9, 'Grandis'),
(184, 9, 'I'),
(185, 9, 'Lancer'),
(186, 9, 'Magna'),
(187, 9, 'Minica'),
(188, 9, 'Mirage'),
(189, 9, 'Montero'),
(190, 9, 'Outlander'),
(191, 9, 'Pajero'),
(192, 9, 'Pajero Pinin'),
(193, 9, 'Pajero Sport'),
(194, 9, 'Raider'),
(195, 9, 'Space Star'),
(196, 9, 'Town box'),
(197, 9, 'Triton'),
(198, 9, 'Carisma'),
(199, 9, 'Challenger'),
(200, 9, 'L200'),
(201, 9, 'Nativa'),
(202, 9, 'Shogun'),
(203, 10, '350'),
(204, 10, '370'),
(205, 10, 'AD'),
(206, 10, 'Almera'),
(207, 10, 'Armada'),
(208, 10, 'Avenir'),
(209, 10, 'Bluebird'),
(210, 10, 'Caravan'),
(211, 10, 'Cima'),
(212, 10, 'Cube'),
(213, 10, 'Elgrand'),
(214, 10, 'Expert'),
(215, 10, 'Fairlady'),
(216, 10, 'Frontier'),
(217, 10, 'Fuga'),
(218, 10, 'Juke'),
(219, 10, 'Lafesta'),
(220, 10, 'Latio'),
(221, 10, 'Livina'),
(222, 10, 'March'),
(223, 10, 'Maxima'),
(224, 10, 'Micra'),
(225, 10, 'Moco'),
(226, 10, 'Murano'),
(227, 10, 'Navara'),
(228, 10, 'Note'),
(229, 10, 'NV2500'),
(230, 10, 'NV3500'),
(231, 10, 'Otti'),
(232, 10, 'Pathfinder'),
(233, 10, 'Patrol'),
(234, 10, 'Pixo'),
(235, 10, 'Presage'),
(236, 10, 'President'),
(237, 10, 'Primera'),
(238, 10, 'Pulsar'),
(239, 10, 'Qashqai'),
(240, 10, 'Quest'),
(241, 10, 'Sentra'),
(242, 10, 'Serena'),
(243, 10, 'Skyline'),
(244, 10, 'Stagea'),
(245, 10, 'Sunny'),
(246, 10, 'Sylphy'),
(247, 10, 'Teana'),
(248, 10, 'Terrano'),
(249, 10, 'Tiida'),
(250, 10, 'Titan'),
(251, 10, 'Versa'),
(252, 10, 'Wingroad'),
(253, 10, 'X-Trail'),
(254, 10, 'Xterra'),
(255, 10, 'Almera Tino'),
(256, 10, 'Aprio'),
(257, 10, 'Evalia'),
(258, 10, 'Interstar'),
(259, 10, 'Kubistar'),
(260, 10, 'NP200'),
(261, 10, 'NP300'),
(262, 10, 'NV200'),
(263, 10, 'PickUp'),
(264, 10, 'Primastar'),
(265, 11, 'Antara'),
(266, 11, 'Astra'),
(267, 11, 'Corsa'),
(268, 11, 'Insignia'),
(269, 11, 'Meriva'),
(270, 11, 'Mokka'),
(271, 11, 'Signum'),
(272, 11, 'Vectra'),
(273, 11, 'Zafira'),
(274, 11, 'Agila'),
(275, 11, 'Combo'),
(276, 11, 'Movano'),
(277, 11, 'Omega'),
(278, 11, 'Tigra'),
(279, 11, 'Vivaro'),
(280, 11, 'Cascada'),
(281, 12, 'Actyon'),
(282, 12, 'Kyron'),
(283, 12, 'Rexton'),
(284, 12, 'Korando'),
(285, 12, 'New Actyon'),
(286, 12, 'Rodius'),
(287, 12, 'Stavic'),
(288, 13, '4runner'),
(289, 13, 'Allion'),
(290, 13, 'Alphard'),
(291, 13, 'Altezza'),
(292, 13, 'Aurion'),
(293, 13, 'Auris'),
(294, 13, 'Avalon'),
(295, 13, 'Avensis'),
(296, 13, 'BB'),
(297, 13, 'Belta'),
(298, 13, 'Blade'),
(299, 13, 'Brevis'),
(300, 13, 'Caldina'),
(301, 13, 'Cami'),
(302, 13, 'Camry'),
(303, 13, 'Celica'),
(304, 13, 'Century'),
(305, 13, 'Chaser'),
(306, 13, 'Corolla'),
(307, 13, 'Crown'),
(308, 13, 'Echo/Platz'),
(309, 13, 'Estima'),
(310, 13, 'Fielder'),
(311, 13, 'FJ Cruiser'),
(312, 13, 'Fortuner'),
(313, 13, 'GT 86'),
(314, 13, 'Harrier'),
(315, 13, 'Hiace'),
(316, 13, 'Highlander'),
(317, 13, 'Hilux'),
(318, 13, 'Ipsum'),
(319, 13, 'Isis'),
(320, 13, 'Ist'),
(321, 13, 'Kluger'),
(322, 13, 'Land Cruiser'),
(323, 13, 'Land Cruiser Prado'),
(324, 13, 'Mark'),
(325, 13, 'Matrix'),
(326, 13, 'MR-S'),
(327, 13, 'Noah'),
(328, 13, 'Opa'),
(329, 13, 'Picnic'),
(330, 13, 'Porte'),
(331, 13, 'Premio'),
(332, 13, 'Previa'),
(333, 13, 'Probox'),
(334, 13, 'Progres'),
(335, 13, 'Ractis'),
(336, 13, 'Raum'),
(337, 13, 'RAV4'),
(338, 13, 'Regius'),
(339, 13, 'Reiz'),
(340, 13, 'Rush'),
(341, 13, 'Sequoia'),
(342, 13, 'Sienna'),
(343, 13, 'Sienta'),
(344, 13, 'Succeed'),
(345, 13, 'Tacoma'),
(346, 13, 'Tundra'),
(347, 13, 'Vanguard'),
(348, 13, 'Vellfire'),
(349, 13, 'Venza'),
(350, 13, 'Verossa'),
(351, 13, 'Verso'),
(352, 13, 'Vios'),
(353, 13, 'Voltz'),
(354, 13, 'Voxy'),
(355, 13, 'Will'),
(356, 13, 'Wish'),
(357, 13, 'Yaris'),
(358, 13, 'Aygo'),
(359, 13, 'Bandeirante'),
(360, 13, 'Dyna'),
(361, 13, 'Innova'),
(362, 13, 'IQ'),
(363, 13, 'Quantum'),
(364, 13, 'Urban Cruiser'),
(365, 14, 'Beetle'),
(366, 14, 'Golf'),
(367, 14, 'Jetta/Bora'),
(368, 14, 'Multivan (T5)'),
(369, 14, 'Passat'),
(370, 14, 'Passat CC'),
(371, 14, 'Phaeton'),
(372, 14, 'Pointer'),
(373, 14, 'Polo'),
(374, 14, 'Touareg'),
(375, 14, 'Touran'),
(376, 14, 'Amarok'),
(377, 14, 'Bus'),
(378, 14, 'Caddy'),
(379, 14, 'Crafter'),
(380, 14, 'Eos'),
(381, 14, 'LT'),
(382, 14, 'Scirocco'),
(383, 14, 'Sharan'),
(384, 14, 'Tiguan'),
(390, NULL, 'asd');

-- --------------------------------------------------------

--
-- Структура таблицы `model_names`
--

CREATE TABLE IF NOT EXISTS `model_names` (
  `id` smallint(5) unsigned NOT NULL AUTO_INCREMENT,
  `code` varchar(128) NOT NULL,
  `name` varchar(128) NOT NULL,
  `vin_name` varchar(128) NOT NULL,
  `rod_name` varchar(128) NOT NULL,
  `admin_menu` tinyint(1) NOT NULL DEFAULT '0',
  `sort` smallint(6) DEFAULT '9999',
  PRIMARY KEY (`id`)
) ENGINE=InnoDB  DEFAULT CHARSET=utf8 AUTO_INCREMENT=11 ;

--
-- Дамп данных таблицы `model_names`
--

INSERT INTO `model_names` (`id`, `code`, `name`, `vin_name`, `rod_name`, `admin_menu`, `sort`) VALUES
(1, 'mark', 'Марки', 'Марку', 'Марки', 1, 100),
(6, 'carModel', 'Модели', 'Модель', 'Модели', 0, NULL),
(7, 'engine', 'Двигатели', 'Двигатель', 'Двигателя', 0, NULL),
(8, 'text', 'Тексты', 'Текст', 'Текста', 0, NULL),
(9, 'settings', 'Настройки', 'Параметр', 'Параметра', 1, 200),
(10, 'user', 'Пользователи', 'Пользователя', 'Пользователя', 0, NULL);

-- --------------------------------------------------------

--
-- Структура таблицы `role`
--

CREATE TABLE IF NOT EXISTS `role` (
  `id` int(10) unsigned NOT NULL AUTO_INCREMENT,
  `code` varchar(20) NOT NULL,
  `name` varchar(50) NOT NULL,
  PRIMARY KEY (`id`)
) ENGINE=InnoDB  DEFAULT CHARSET=utf8 AUTO_INCREMENT=4 ;

--
-- Дамп данных таблицы `role`
--

INSERT INTO `role` (`id`, `code`, `name`) VALUES
(1, 'root', 'Создатель'),
(2, 'admin', 'Администратор'),
(3, 'manager', 'Контент-менеджер');

-- --------------------------------------------------------

--
-- Структура таблицы `settings`
--

CREATE TABLE IF NOT EXISTS `settings` (
  `id` int(10) unsigned NOT NULL AUTO_INCREMENT,
  `name` varchar(255) NOT NULL,
  `value` text,
  `code` varchar(50) NOT NULL,
  `sort` int(11) NOT NULL DEFAULT '9999',
  PRIMARY KEY (`id`)
) ENGINE=InnoDB  DEFAULT CHARSET=utf8 AUTO_INCREMENT=4 ;

--
-- Дамп данных таблицы `settings`
--

INSERT INTO `settings` (`id`, `name`, `value`, `code`, `sort`) VALUES
(1, 'Заголовок страницы', 'Чип-тюнинг от Tk Motors', 'TITLE', 10),
(2, 'Описание', 'Какое-то описание', 'DESCRIPTION', 20),
(3, 'Ключевые фразы', 'Список ключевых фраз', 'KEYWORDS', 30);

-- --------------------------------------------------------

--
-- Структура таблицы `text`
--

CREATE TABLE IF NOT EXISTS `text` (
  `id` int(10) unsigned NOT NULL AUTO_INCREMENT,
  `text` text NOT NULL,
  PRIMARY KEY (`id`)
) ENGINE=InnoDB  DEFAULT CHARSET=utf8 AUTO_INCREMENT=15 ;

--
-- Дамп данных таблицы `text`
--

INSERT INTO `text` (`id`, `text`) VALUES
(1, 'Немецкий чип-тюнинг с гарантией результата в Москве'),
(2, 'Есть вопрос? Звоните - поможем!'),
(3, '+7 (499) 399 3509'),
(4, 'Сделайте ваш'),
(5, 'мощнее\r\nна 32% за 20 минут'),
(6, 'Вернем деньги, если не почувствуете результат'),
(7, 'С сохранением дилерской гарантии'),
(8, 'Современный немецкий чип-тюнинг блок + усилитель педали газа раскроет заложенные производителем мощности автомобиля.'),
(9, 'Получите 4 варианта чип тюнинга'),
(10, 'прямо сейчас!'),
(11, 'Сегодня рассчитали уже <b>132</b> варианта чип-тюнинга'),
(12, 'Акция!'),
(13, 'При заявке до 29 мая монтаж - в подарок!'),
(14, 'Для продолжения заполните форму');

-- --------------------------------------------------------

--
-- Структура таблицы `user`
--

CREATE TABLE IF NOT EXISTS `user` (
  `usr_id` int(11) NOT NULL AUTO_INCREMENT,
  `usr_login` varchar(128) NOT NULL,
  `usr_password` varchar(128) NOT NULL,
  `usr_name` varchar(255) NOT NULL,
  `usr_email` varchar(128) NOT NULL,
  `usr_rol_id` int(10) unsigned NOT NULL,
  PRIMARY KEY (`usr_id`)
) ENGINE=InnoDB  DEFAULT CHARSET=utf8 AUTO_INCREMENT=4 ;

--
-- Дамп данных таблицы `user`
--

INSERT INTO `user` (`usr_id`, `usr_login`, `usr_password`, `usr_name`, `usr_email`, `usr_rol_id`) VALUES
(1, 'root', '85676905d35fb12da70e8cb8bc8cebb0', 'Иванов И. И.', 'beatbox787@gmail.com', 1),
(3, 'admin', 'eaaba36a95aedcfd1c21a0d011e12ecd', 'Петров П. П.', 'asdas@asdasd.ru', 2);

/*!40101 SET CHARACTER_SET_CLIENT=@OLD_CHARACTER_SET_CLIENT */;
/*!40101 SET CHARACTER_SET_RESULTS=@OLD_CHARACTER_SET_RESULTS */;
/*!40101 SET COLLATION_CONNECTION=@OLD_COLLATION_CONNECTION */;
